id,entitytype,index_geometry,latitude,longitude,name,name_lng,name_type,road_class,route_dir,route_num,shield_code,micode,a2_code
d96c5918-f0a6-49dd-abce-d9b1aa6f4924,road_element,"{\"type\":\"LineString\",\"coordinates\":[[-85.9711569,34.6339615],[-85.9711468,34.6342638],[-85.971153,34.6343695]]}",-85.971151,34.634166,Veterans Dr,ENG,4,4,,35,5500,20050000,AL071
d9a76d46-40c9-41a1-9fb6-831e6593fe01,road_element,"{\"type\":\"LineString\",\"coordinates\":[[-86.0229261,34.6755239],[-86.022929,34.675661]]}",-86.022928,34.675592,Tupelo Pike,ENG,4,5,,21,8200,20060000,AL071
d9bc2610-1c84-420c-8a37-e588e695bbfc,road_element,"{\"type\":\"LineString\",\"coordinates\":[[-85.8309618,34.8617068],[-85.8316286,34.8623469]]}",-85.831295,34.862027,Kentucky Ave,ENG,4,5,,117,5500,20060000,AL071
da81b5d4-bafc-40e0-abb4-6cbf9f592509,road_element,"{\"type\":\"LineString\",\"coordinates\":[[-85.9194233,34.6424918],[-85.919425,34.6420558],[-85.9194358,34.6417424],[-85.9194036,34.6414379],[-85.9193499,34.6410539],[-85.9192856,34.6406082]]}",-85.919389,34.641548,County Road 224,ENG,17,7,,,0,20080000,AL071
db513e41-4d74-4f61-96c5-b297c73fee24,road_element,"{\"type\":\"LineString\",\"coordinates\":[[-85.9058262,34.7977651],[-85.905172,34.798509],[-85.904295,34.799348],[-85.904148,34.799497]]}",-85.905003,34.798647,County Road 45,ENG,4,5,,45,8200,20060000,AL071
dbb15cab-8803-47a3-b1f7-8f08cc2b868d,road_element,"{\"type\":\"LineString\",\"coordinates\":[[-85.8158949,34.8662659],[-85.8159271,34.8662131]]}",-85.815911,34.86624,US Highway 72,ENG,4,3,,2,5500,20040000,AL071
dbb15cab-8803-47a3-b1f7-8f08cc2b868d,road_element,"{\"type\":\"LineString\",\"coordinates\":[[-85.8158949,34.8662659],[-85.8159271,34.8662131]]}",-85.815911,34.86624,US Highway 72,ENG,4,3,W,72,5450,20040000,AL071
dbd5f675-b6d9-4629-8e30-c896959390f8,road_element,"{\"type\":\"LineString\",\"coordinates\":[[-85.606853,34.873739],[-85.6068425,34.8740036]]}",-85.606848,34.873871,AL Highway 73,ENG,4,5,,73,5500,20060000,AL071
dbd5f675-b6d9-4629-8e30-c896959390f8,road_element,"{\"type\":\"LineString\",\"coordinates\":[[-85.606853,34.873739],[-85.6068425,34.8740036]]}",-85.606848,34.873871,AL Highway 73,ENG,4,5,,93,8200,20060000,AL071
dbfd7eef-9002-4a70-b014-139f74de66f6,road_element,"{\"type\":\"LineString\",\"coordinates\":[[-85.9987023,34.5942523],[-85.9987004,34.594277],[-85.9986629,34.5944646],[-85.9986052,34.5946291],[-85.9985128,34.5948283],[-85.99837,34.59504],[-85.9981175,34.5953539],[-85.997976,34.5954924],[-85.9978086,34.5956599],[-85.9976094,34.5958331]]}",-85.998254,34.595103,Tammy Little Dr,ENG,4,4,,35,5500,20050000,AL071
dd3954f6-9a12-4d37-8bf6-3922edec035c,road_element,"{\"type\":\"LineString\",\"coordinates\":[[-85.812364,34.869541],[-85.8121611,34.869536]]}",-85.812263,34.869539,Shannon Dr,ENG,17,6,,,0,20070000,AL071
dd6b9abf-0b4b-4a5b-a54e-80f31bf8ec1c,road_element,"{\"type\":\"LineString\",\"coordinates\":[[-85.7163908,34.966202],[-85.716373,34.966262],[-85.716298,34.96641],[-85.7162194,34.9665411],[-85.7161818,34.9666111],[-85.7161255,34.9667166]]}",-85.716264,34.966462,Chisolm Ave,ENG,17,6,,,0,20070000,AL071
ddb1278a-6857-491a-bc42-2b92f787b5ec,road_element,"{\"type\":\"LineString\",\"coordinates\":[[-85.89546,34.769588],[-85.8956004,34.7684939]]}",-85.89553,34.769041,County Road 213,ENG,4,6,,213,8200,20070000,AL071
de1b3b04-10da-4529-a7e5-3ec4433d545f,road_element,"{\"type\":\"LineString\",\"coordinates\":[[-85.9214203,34.6079246],[-85.9212654,34.6080142]]}",-85.921343,34.607969,AL Highway 71,ENG,4,5,,71,5500,20060000,AL071
de72be49-f157-412e-9a27-27c221c078d5,road_element,"{\"type\":\"LineString\",\"coordinates\":[[-85.7721305,34.9146737],[-85.771697,34.9148828],[-85.7714324,34.9150057]]}",-85.771782,34.914841,AL Highway 277,ENG,4,4,,2,5500,20050000,AL071
de9edc04-c632-4679-9b00-d5554321392f,road_element,"{\"type\":\"LineString\",\"coordinates\":[[-85.9605693,34.7167951],[-85.9605292,34.7168195]]}",-85.960549,34.716807,US Highway 72,ENG,4,3,,2,5500,20040000,AL071
de9edc04-c632-4679-9b00-d5554321392f,road_element,"{\"type\":\"LineString\",\"coordinates\":[[-85.9605693,34.7167951],[-85.9605292,34.7168195]]}",-85.960549,34.716807,US Highway 72,ENG,4,3,E,72,5450,20040000,AL071
debb4271-e716-4f5a-aa43-b239c053111e,road_element,"{\"type\":\"LineString\",\"coordinates\":[[-85.609233,34.869748],[-85.608914,34.870031],[-85.608155,34.870675],[-85.607597,34.871261],[-85.607396,34.87159],[-85.607218,34.871969],[-85.607054,34.872408],[-85.60692,34.873067],[-85.606853,34.873739]]}",-85.607705,34.871556,AL Highway 73,ENG,4,5,,73,5500,20060000,AL071
debb4271-e716-4f5a-aa43-b239c053111e,road_element,"{\"type\":\"LineString\",\"coordinates\":[[-85.609233,34.869748],[-85.608914,34.870031],[-85.608155,34.870675],[-85.607597,34.871261],[-85.607396,34.87159],[-85.607218,34.871969],[-85.607054,34.872408],[-85.60692,34.873067],[-85.606853,34.873739]]}",-85.607705,34.871556,AL Highway 73,ENG,4,5,,93,8200,20060000,AL071
df44068e-1e0b-448d-a9f4-f1c2be466a2c,road_element,"{\"type\":\"LineString\",\"coordinates\":[[-86.0235536,34.6541808],[-86.0237439,34.6539862]]}",-86.023649,34.654084,John T Reid Pkwy,ENG,4,3,,2,5500,20040000,AL071
df44068e-1e0b-448d-a9f4-f1c2be466a2c,road_element,"{\"type\":\"LineString\",\"coordinates\":[[-86.0235536,34.6541808],[-86.0237439,34.6539862]]}",-86.023649,34.654084,John T Reid Pkwy,ENG,4,3,E,72,5450,20040000,AL071
df9c92f6-1398-480a-b54d-9333c5f2ffe6,road_element,"{\"type\":\"LineString\",\"coordinates\":[[-86.1362503,34.5581801],[-86.1350419,34.5597271],[-86.1348391,34.5599961],[-86.1344828,34.5604775]]}",-86.135361,34.559324,AL Highway 79,ENG,4,4,,79,5500,20050000,AL071
dff2d3af-1b35-44bb-a9b8-4cc2e7816bf7,road_element,"{\"type\":\"LineString\",\"coordinates\":[[-85.609673,34.88514],[-85.6142016,34.8896463]]}",-85.611937,34.887393,AL Highway 73,ENG,4,5,,73,5500,20060000,AL071
dff2d3af-1b35-44bb-a9b8-4cc2e7816bf7,road_element,"{\"type\":\"LineString\",\"coordinates\":[[-85.609673,34.88514],[-85.6142016,34.8896463]]}",-85.611937,34.887393,AL Highway 73,ENG,4,5,,93,8200,20060000,AL071
e00316fa-a0ec-46c7-b840-3479bb0df822,road_element,"{\"type\":\"LineString\",\"coordinates\":[[-85.8606526,34.7599906],[-85.8605985,34.7602419],[-85.8606253,34.7605108],[-85.8606879,34.7607194]]}",-85.86063,34.760356,County Road 246,ENG,4,7,,246,8200,20080000,AL071
e0064159-7771-4b73-beb7-3c6b99930857,road_element,"{\"type\":\"LineString\",\"coordinates\":[[-85.8555868,34.7299973],[-85.8555814,34.7306451],[-85.8555761,34.7319258],[-85.85556,34.7327193],[-85.8555546,34.7333387],[-85.8555493,34.7341323],[-85.8555519,34.7341786],[-85.855568,34.7342403],[-85.8557826,34.7344321],[-85.8560696,34.7346613],[-85.856134,34.7347208],[-85.8562171,34.734831],[-85.85659,34.7354636],[-85.8567616,34.7357392],[-85.8568877,34.7359618],[-85.8568984,34.7360103],[-85.856885,34.7360566],[-85.8568582,34.7361249],[-85.8568555,34.7362065],[-85.8568689,34.7362748]]}",-85.855865,34.733261,County Road 365,ENG,4,7,,365,8200,20080000,AL071
e02863cf-df91-4a3b-ab16-22596e26f16d,road_element,"{\"type\":\"LineString\",\"coordinates\":[[-85.8451799,34.6677472],[-85.8452769,34.6678776],[-85.8456646,34.6684811]]}",-85.845426,34.668112,County Road 58,ENG,4,5,,58,8200,20060000,AL071
e0ad622f-4d8a-429c-a340-011837fe7375,road_element,"{\"type\":\"LineString\",\"coordinates\":[[-85.9252597,34.7132081],[-85.9250961,34.7131638],[-85.9250346,34.7131428]]}",-85.925147,34.713177,Bellefonte Rd,ENG,17,7,,,0,20080000,AL071
e18d6fbf-41f6-4fc0-b9e0-cedbffe14641,road_element,"{\"type\":\"LineString\",\"coordinates\":[[-86.2326294,34.6185262],[-86.2325086,34.6185702],[-86.2323665,34.6186474],[-86.2322216,34.6187445],[-86.2317603,34.6190779],[-86.2311058,34.6195613],[-86.2306043,34.6199365],[-86.2300651,34.6203537],[-86.2296601,34.6206605],[-86.2294026,34.6208459],[-86.2291049,34.6210622],[-86.228944,34.6211704],[-86.2288018,34.6212542],[-86.2286757,34.621316],[-86.2285041,34.6213712],[-86.2283619,34.6213977],[-86.2281527,34.6214286],[-86.2278818,34.6214463],[-86.2276163,34.6214529]]}",-86.230195,34.620184,Rustic Ln,ENG,17,7,,,0,20080000,AL071
e2913c94-b256-4d56-b2ee-a09780e03b26,road_element,"{\"type\":\"LineString\",\"coordinates\":[[-85.9714361,34.6339799],[-85.971438,34.6340463],[-85.9714487,34.6341809],[-85.9714836,34.6344369],[-85.9715131,34.6345737],[-85.9715587,34.63479],[-85.9716069,34.6350019]]}",-85.971505,34.634493,Veterans Dr,ENG,4,4,,35,5500,20050000,AL071
e2b47d7f-0526-40ef-a084-d8bb5cae8361,road_element,"{\"type\":\"LineString\",\"coordinates\":[[-86.0477593,34.6310103],[-86.0476067,34.6311606]]}",-86.047683,34.631085,S Broad St,ENG,4,4,,279,5500,20050000,AL071
e31449bc-d142-4831-a0ac-800424c03db9,road_element,"{\"type\":\"LineString\",\"coordinates\":[[-85.843886,34.690041],[-85.842323,34.691401],[-85.8419482,34.69176]]}",-85.84291,34.690893,County Road 58,ENG,4,5,,58,8200,20060000,AL071
e31eca7d-b8cf-41ce-b586-7e3a9bb37a9e,road_element,"{\"type\":\"LineString\",\"coordinates\":[[-85.9275025,34.7127247],[-85.9274377,34.712778],[-85.9273438,34.7128507]]}",-85.927424,34.712788,Bellefonte Rd,ENG,17,7,,,0,20080000,AL071
e39d09ae-d601-41cc-9e71-c8ab24d1fc75,road_element,"{\"type\":\"LineString\",\"coordinates\":[[-86.0120529,34.6775598],[-86.011971,34.677595]]}",-86.012012,34.677577,E Willow St,ENG,4,5,,279,5500,20060000,AL071
e3e256ab-82aa-4ab8-a2d1-186e440f3f88,road_element,"{\"type\":\"LineString\",\"coordinates\":[[-85.7709927,34.9152164],[-85.7700206,34.9156922],[-85.7689934,34.9161761],[-85.7684502,34.9164422],[-85.7683651,34.9164835]]}",-85.769679,34.915851,AL Highway 277,ENG,4,4,,2,5500,20050000,AL071
e44d879e-6ef7-4d81-b75e-77aea68fd290,road_element,"{\"type\":\"LineString\",\"coordinates\":[[-85.746683,34.93804],[-85.746119,34.938024],[-85.744956,34.937994],[-85.743729,34.937965],[-85.7436247,34.9379631]]}",-85.745154,34.938,County Road 75,ENG,4,5,,75,8200,20060000,AL071
e454f6a7-1b09-421a-8866-d15f30ce48af,road_element,"{\"type\":\"LineString\",\"coordinates\":[[-85.8093062,34.8409475],[-85.8094872,34.8408935],[-85.8098547,34.8408869],[-85.811169,34.8409001],[-85.811295,34.8409045],[-85.8113862,34.8409265],[-85.8114613,34.8409486],[-85.8116223,34.8410696],[-85.8121936,34.8416508],[-85.8127622,34.8422738],[-85.8129526,34.8424059],[-85.813575,34.8427203]]}",-85.811558,34.841461,County Road 263,ENG,4,6,,263,8200,20070000,AL071
e49c75dc-4db4-45a7-8cf7-fa7d23135420,road_element,"{\"type\":\"LineString\",\"coordinates\":[[-86.3354839,34.6165873],[-86.335662,34.617012],[-86.33569,34.6171561]]}",-86.335598,34.616868,County Road 5,ENG,4,5,,5,8200,20060000,AL071
e4e9f17d-b7cc-462e-9d1d-efbbf171b7d9,road_element,"{\"type\":\"LineString\",\"coordinates\":[[-85.875813,34.836231],[-85.875671,34.836377],[-85.874509,34.837488],[-85.874415,34.837564],[-85.8739528,34.837843]]}",-85.874915,34.837078,County Road 45,ENG,4,5,,45,8200,20060000,AL071
e50733ff-3434-459c-840a-dc3f0d39fc3e,road_element,"{\"type\":\"LineString\",\"coordinates\":[[-85.8418372,34.6323017],[-85.843465,34.634253],[-85.843582,34.63443],[-85.843607,34.634551],[-85.843616,34.634859]]}",-85.842839,34.633533,County Road 382,ENG,4,6,,382,8200,20070000,AL071
e5730f87-5cc5-42c3-99c1-d56a06e54139,road_element,"{\"type\":\"LineString\",\"coordinates\":[[-85.9728446,34.6303607],[-85.9724429,34.6309325]]}",-85.972644,34.630647,AL Highway 35,ENG,4,4,,35,5500,20050000,AL071
e57cd3ff-7e98-4034-9b8b-3092c57975d8,road_element,"{\"type\":\"LineString\",\"coordinates\":[[-86.130202,34.649906],[-86.1301964,34.6508184]]}",-86.130199,34.650362,County Road 17,ENG,4,7,,17,8200,20080000,AL071
e6069203-ace7-413b-a03f-786c6c17456b,road_element,"{\"type\":\"LineString\",\"coordinates\":[[-85.8985668,34.7678733],[-85.8987646,34.7676656]]}",-85.898666,34.767769,US Highway 72,ENG,4,3,,2,5500,20040000,AL071
e6069203-ace7-413b-a03f-786c6c17456b,road_element,"{\"type\":\"LineString\",\"coordinates\":[[-85.8985668,34.7678733],[-85.8987646,34.7676656]]}",-85.898666,34.767769,US Highway 72,ENG,4,3,E,72,5450,20040000,AL071
e650d3f6-2577-4b2d-9bf6-eb57fb1f15f3,road_element,"{\"type\":\"LineString\",\"coordinates\":[[-85.8605849,34.7625071],[-85.860408,34.7634723],[-85.8602686,34.7638755],[-85.8602133,34.7640051]]}",-85.86043,34.763265,County Road 246,ENG,4,7,,246,8200,20080000,AL071
e659721a-5718-4c7d-876e-38c6a6e9c5cc,road_element,"{\"type\":\"LineString\",\"coordinates\":[[-85.973644,34.724882],[-85.9738599,34.7249824]]}",-85.973752,34.724932,County Road 33,ENG,4,5,,33,8200,20060000,AL071
e6c1566f-e848-4581-972c-e38d49db20dc,road_element,"{\"type\":\"LineString\",\"coordinates\":[[-85.8456646,34.6684811],[-85.8458885,34.6688461],[-85.8459954,34.669022]]}",-85.84583,34.668751,County Road 58,ENG,4,5,,58,8200,20060000,AL071
e8921999-a6ff-4b3a-b30c-22c9048aa2ca,road_element,"{\"type\":\"LineString\",\"coordinates\":[[-86.2590299,34.6334736],[-86.2589137,34.6335016],[-86.2587447,34.6335303],[-86.258632,34.6335634],[-86.2583263,34.6336737],[-86.2580581,34.6337885],[-86.2578757,34.6338723],[-86.2578167,34.6339032],[-86.257763,34.6339386],[-86.2577255,34.6339981],[-86.2576772,34.6340445],[-86.2576369,34.6340776],[-86.2575565,34.6341085],[-86.2574599,34.634146],[-86.2573768,34.6341879],[-86.257299,34.6342343],[-86.2572453,34.6342563],[-86.2571729,34.6342806],[-86.2570898,34.6342828]]}",-86.258042,34.633846,County Road 183,ENG,4,7,,183,8200,20080000,AL071
e8ece325-6863-4d0c-ac3b-b45154f3e454,road_element,"{\"type\":\"LineString\",\"coordinates\":[[-86.261502,34.633058],[-86.2614671,34.6329874],[-86.2614403,34.6329322],[-86.2614054,34.6328836],[-86.2613733,34.6328483],[-86.261325,34.6328196],[-86.2612681,34.632813]]}",-86.261406,34.63291,County Road 183,ENG,4,7,,183,8200,20080000,AL071
e8eec66f-ab80-44a4-b665-9f038d0a5c4b,road_element,"{\"type\":\"LineString\",\"coordinates\":[[-85.9638949,34.7150354],[-85.9638541,34.7150665],[-85.963117,34.71555],[-85.9624755,34.715956],[-85.9614607,34.7165671],[-85.9611227,34.7167642]]}",-85.962519,34.715916,US Highway 72,ENG,4,3,,2,5500,20040000,AL071
e8eec66f-ab80-44a4-b665-9f038d0a5c4b,road_element,"{\"type\":\"LineString\",\"coordinates\":[[-85.9638949,34.7150354],[-85.9638541,34.7150665],[-85.963117,34.71555],[-85.9624755,34.715956],[-85.9614607,34.7165671],[-85.9611227,34.7167642]]}",-85.962519,34.715916,US Highway 72,ENG,4,3,W,72,5450,20040000,AL071
e8fef07b-459e-46c9-8c6a-65b54ab95e7d,road_element,"{\"type\":\"LineString\",\"coordinates\":[[-85.8121611,34.869536],[-85.8116,34.869522],[-85.811534,34.869518],[-85.811481,34.869503],[-85.811455,34.869472],[-85.811439,34.869429],[-85.811431,34.869379],[-85.8114447,34.8688428]]}",-85.811631,34.869354,Shannon Dr,ENG,17,6,,,0,20070000,AL071
e9072d47-8328-4a0e-b7a8-2906f219600e,road_element,"{\"type\":\"LineString\",\"coordinates\":[[-86.1208592,34.7975123],[-86.1166889,34.7975353]]}",-86.118774,34.797524,County Road 143,ENG,4,6,,143,8200,20070000,AL071
e9186031-a1eb-44a8-8de1-8cc1885263f4,road_element,"{\"type\":\"LineString\",\"coordinates\":[[-85.8602133,34.7640051],[-85.8601237,34.7642149],[-85.8600325,34.7644749],[-85.8599682,34.7647194],[-85.8599252,34.7649398],[-85.859885,34.7652901]]}",-85.860011,34.764638,County Road 246,ENG,4,7,,246,8200,20080000,AL071
e94ceea4-6889-43b3-9b02-5f2c57bf3a50,road_element,"{\"type\":\"LineString\",\"coordinates\":[[-86.011718,34.584892],[-86.011267,34.585923],[-86.0112494,34.5859816]]}",-86.01148,34.585436,County Road 67,ENG,4,5,,67,8200,20060000,AL071
e996b156-fe2e-4de9-946e-d4c0ce59a8f5,road_element,"{\"type\":\"LineString\",\"coordinates\":[[-85.800869,34.869393],[-85.80103,34.869393],[-85.801372,34.869389],[-85.802158,34.869385],[-85.8039442,34.8694006]]}",-85.802407,34.869391,County Road 276,ENG,4,6,,276,8200,20070000,AL071
e9b29af8-398d-43d8-a601-cf58eb5b2fc5,road_element,"{\"type\":\"LineString\",\"coordinates\":[[-86.149178,34.545702],[-86.1471172,34.547616]]}",-86.148148,34.546659,AL Highway 79,ENG,4,4,,79,5500,20050000,AL071
eb0d176c-2410-4eac-bb69-4de20bfc4787,road_element,"{\"type\":\"LineString\",\"coordinates\":[[-86.2719409,34.6092061],[-86.2725534,34.6094039]]}",-86.272247,34.609305,US Highway 72,ENG,4,3,,2,5500,20040000,AL071
eb0d176c-2410-4eac-bb69-4de20bfc4787,road_element,"{\"type\":\"LineString\",\"coordinates\":[[-86.2719409,34.6092061],[-86.2725534,34.6094039]]}",-86.272247,34.609305,US Highway 72,ENG,4,3,E,72,5450,20040000,AL071
eb9a9056-cfd0-4cbc-a2da-721e053faaaf,road_element,"{\"type\":\"LineString\",\"coordinates\":[[-85.9714707,34.6333632],[-85.9714543,34.633561],[-85.971438,34.6337241],[-85.9714326,34.6338609],[-85.9714352,34.633949],[-85.9714361,34.6339799]]}",-85.971447,34.633671,Veterans Dr,ENG,4,4,,35,5500,20050000,AL071
ebcec5ae-2284-4ca6-8ae5-8c1a05f61291,road_element,"{\"type\":\"LineString\",\"coordinates\":[[-85.8378999,34.8302141],[-85.8372591,34.8312597],[-85.8372289,34.8313118]]}",-85.837564,34.830763,US Highway 72,ENG,4,3,,2,5500,20040000,AL071
ebcec5ae-2284-4ca6-8ae5-8c1a05f61291,road_element,"{\"type\":\"LineString\",\"coordinates\":[[-85.8378999,34.8302141],[-85.8372591,34.8312597],[-85.8372289,34.8313118]]}",-85.837564,34.830763,US Highway 72,ENG,4,3,E,72,5450,20040000,AL071
ebde9244-684d-4228-b444-89b1c56cdac4,road_element,"{\"type\":\"LineString\",\"coordinates\":[[-85.827424,34.8583716],[-85.828281,34.859192]]}",-85.827853,34.858782,Kentucky Ave,ENG,4,5,,117,5500,20060000,AL071
ec6110b5-91fd-46ad-93fd-bcdd234ddf1a,road_element,"{\"type\":\"LineString\",\"coordinates\":[[-85.924828,34.7130665],[-85.9247072,34.7130139],[-85.9246316,34.7129714]]}",-85.924729,34.713021,Bellefonte Rd,ENG,17,7,,,0,20080000,AL071
ec92bfe6-2f9d-448c-86ee-e93ed6a7e002,road_element,"{\"type\":\"LineString\",\"coordinates\":[[-85.912653,34.872225],[-85.912206,34.872704],[-85.911247,34.873652],[-85.910557,34.874287]]}",-85.91162,34.873271,County Road 53,ENG,4,5,,53,8200,20060000,AL071
ed1b51ce-14d1-45b0-a3ea-6abd6bfe981a,road_element,"{\"type\":\"LineString\",\"coordinates\":[[-85.9628929,34.7206781],[-85.9634235,34.7208411],[-85.9640621,34.721049]]}",-85.963478,34.720861,County Road 33,ENG,4,5,,33,8200,20060000,AL071
ed3cdfc8-4370-4f69-bdc4-4c2f24b23ea1,road_element,"{\"type\":\"LineString\",\"coordinates\":[[-86.032516,34.6482187],[-86.0324791,34.6482404]]}",-86.032498,34.64823,John T Reid Pkwy,ENG,4,3,,2,5500,20040000,AL071
ed3cdfc8-4370-4f69-bdc4-4c2f24b23ea1,road_element,"{\"type\":\"LineString\",\"coordinates\":[[-86.032516,34.6482187],[-86.0324791,34.6482404]]}",-86.032498,34.64823,John T Reid Pkwy,ENG,4,3,W,72,5450,20040000,AL071
ed63b4e4-85b1-4569-a4d3-307d5a7b6f96,road_element,"{\"type\":\"LineString\",\"coordinates\":[[-86.3280206,34.6556295],[-86.3280721,34.6558017]]}",-86.328046,34.655716,US Highway 72,ENG,4,3,,2,5500,20040000,AL071
ed63b4e4-85b1-4569-a4d3-307d5a7b6f96,road_element,"{\"type\":\"LineString\",\"coordinates\":[[-86.3280206,34.6556295],[-86.3280721,34.6558017]]}",-86.328046,34.655716,US Highway 72,ENG,4,3,E,72,5450,20040000,AL071
edcbe228-fed1-42a9-b916-4bdb13ed2e88,road_element,"{\"type\":\"LineString\",\"coordinates\":[[-85.9212654,34.6080142],[-85.919751,34.60889],[-85.918386,34.609683]]}",-85.919825,34.608848,AL Highway 71,ENG,4,5,,71,5500,20060000,AL071
ee4d07fa-1c3d-4d89-ba32-c63ab34e6da8,road_element,"{\"type\":\"LineString\",\"coordinates\":[[-85.9176844,34.7141855],[-85.9176289,34.7142508],[-85.9174733,34.7144823],[-85.9173526,34.7147226],[-85.9172668,34.7149254],[-85.9171756,34.7151922],[-85.9170871,34.715459],[-85.9169905,34.7157632],[-85.9168322,34.7162461],[-85.916682,34.7166959],[-85.9165828,34.7169803],[-85.9164997,34.7171897],[-85.9164165,34.7173705],[-85.916328,34.7175403],[-85.9162261,34.717699],[-85.9161027,34.7178555],[-85.9159954,34.7179878],[-85.9158076,34.7181928],[-85.915636,34.7183472],[-85.915475,34.7184772],[-85.9152739,34.7186228],[-85.9148823,34.7188851],[-85.9144478,34.7191739],[-85.9140615,34.7194297],[-85.9137155,34.7196678],[-85.9134124,34.719886],[-85.9131844,34.7200778],[-85.9129699,34.720274],[-85.9127151,34.7205342],[-85.912538,34.7207392],[-85.9123476,34.7209839],[-85.9121357,34.7212837],[-85.9119721,34.7215571],[-85.9118031,34.7218724],[-85.9116744,34.7221523],[-85.9115617,34.7224566],[-85.9114356,34.7228776],[-85.9113847,34.7231157],[-85.9113471,34.7233759],[-85.9113149,34.7236999],[-85.9113069,34.7240152],[-85.9113176,34.7243635],[-85.9113498,34.7246787],[-85.9113981,34.7249389],[-85.9114732,34.7252475],[-85.911559,34.7255253],[-85.9116824,34.7258383],[-85.9118353,34.7261976],[-85.9119909,34.7264886]]}",-85.913906,34.720179,Bellefonte Rd,ENG,17,6,,,0,20070000,AL071
ee83aa1c-0dbb-4d33-9d0c-b477373fd0b9,road_element,"{\"type\":\"LineString\",\"coordinates\":[[-85.8645659,34.8932887],[-85.866027,34.895009],[-85.8670591,34.8961964]]}",-85.865808,34.894746,AL Highway 117,ENG,4,5,,117,5500,20060000,AL071
ef8632c5-b0f6-4555-803d-9e0510b10529,road_element,"{\"type\":\"LineString\",\"coordinates\":[[-85.804236,34.667837],[-85.810982,34.667857]]}",-85.807609,34.667847,County Road 88,ENG,4,6,,88,8200,20070000,AL071
efb69444-8b1b-4f0a-a491-d376ae328fd6,road_element,"{\"type\":\"LineString\",\"coordinates\":[[-85.8670591,34.8961964],[-85.867509,34.896714],[-85.868104,34.897407],[-85.86869,34.898239],[-85.868951,34.898649],[-85.869332,34.89924],[-85.871069,34.902178],[-85.871466,34.902829],[-85.871705,34.903269],[-85.871928,34.903777],[-85.872019,34.903987],[-85.872102,34.904231],[-85.872354,34.90534],[-85.87249,34.906413],[-85.872597,34.907639],[-85.872625,34.90818],[-85.872721,34.908865]]}",-85.870655,34.902221,AL Highway 117,ENG,4,5,,117,5500,20060000,AL071
f00a09f4-547d-4247-bdae-9613e6d83fdd,road_element,"{\"type\":\"LineString\",\"coordinates\":[[-85.9946983,34.686169],[-85.9951819,34.6856208]]}",-85.99494,34.685895,John T Reid Pkwy,ENG,4,3,,2,5500,20040000,AL071
f00a09f4-547d-4247-bdae-9613e6d83fdd,road_element,"{\"type\":\"LineString\",\"coordinates\":[[-85.9946983,34.686169],[-85.9951819,34.6856208]]}",-85.99494,34.685895,John T Reid Pkwy,ENG,4,3,E,72,5450,20040000,AL071
f098249b-ec3c-4148-9416-9550bee5ad2f,road_element,"{\"type\":\"LineString\",\"coordinates\":[[-86.0155232,34.6500478],[-86.0152513,34.6500457],[-86.0142535,34.6518683],[-86.014098,34.6521904],[-86.0140497,34.6524066],[-86.014039,34.6525611],[-86.0141355,34.6530024],[-86.014763,34.656182]]}",-86.01452,34.652916,Hood Ave,ENG,17,6,,,0,20070000,AL071
f0ff1264-1ec3-4ad0-a085-fdf8c9bb67f8,road_element,"{\"type\":\"LineString\",\"coordinates\":[[-85.8114005,34.8859568],[-85.81159,34.8844504],[-85.8117826,34.8829075]]}",-85.811592,34.884432,US Highway 72,ENG,4,3,W,72,5450,20040000,AL071
f15fa874-05a7-4794-954c-ca1cec125ed9,road_element,"{\"type\":\"LineString\",\"coordinates\":[[-86.0106685,34.678348],[-86.0104705,34.6785013],[-86.00957,34.679257]]}",-86.010117,34.678799,E Willow St,ENG,4,5,,279,5500,20060000,AL071
f176b353-894e-4b96-9020-f869d51356b9,road_element,"{\"type\":\"LineString\",\"coordinates\":[[-86.0422198,34.6450494],[-86.0418435,34.6451766]]}",-86.042032,34.645113,John T Reid Pkwy,ENG,4,3,,2,5500,20040000,AL071
f176b353-894e-4b96-9020-f869d51356b9,road_element,"{\"type\":\"LineString\",\"coordinates\":[[-86.0422198,34.6450494],[-86.0418435,34.6451766]]}",-86.042032,34.645113,John T Reid Pkwy,ENG,4,3,W,72,5450,20040000,AL071
f1ad3034-03c3-4304-9e0f-8304ef366f6a,road_element,"{\"type\":\"LineString\",\"coordinates\":[[-85.7954238,34.6679879],[-85.795363,34.670504]]}",-85.795393,34.669246,County Road 177,ENG,17,6,,,0,20070000,AL071
f1cfc812-72b1-4c50-b3ec-4dbef83d684a,road_element,"{\"type\":\"LineString\",\"coordinates\":[[-85.922701,34.607188],[-85.921591,34.607826],[-85.9214203,34.6079246]]}",-85.922061,34.607556,AL Highway 71,ENG,4,5,,71,5500,20060000,AL071
f1dc92e6-efef-4d8d-8fd5-098edecbf218,road_element,"{\"type\":\"LineString\",\"coordinates\":[[-86.3130929,34.6289871],[-86.3131295,34.629045]]}",-86.313111,34.629016,US Highway 72,ENG,4,3,,2,5500,20040000,AL071
f1dc92e6-efef-4d8d-8fd5-098edecbf218,road_element,"{\"type\":\"LineString\",\"coordinates\":[[-86.3130929,34.6289871],[-86.3131295,34.629045]]}",-86.313111,34.629016,US Highway 72,ENG,4,3,E,72,5450,20040000,AL071
f23ada99-2809-4d39-882f-16c78b2ff906,road_element,"{\"type\":\"LineString\",\"coordinates\":[[-85.9738599,34.7249824],[-85.974104,34.725096]]}",-85.973982,34.725039,County Road 33,ENG,4,5,,33,8200,20060000,AL071
f277d8d3-80cf-4e05-a58a-2fe1a485274d,road_element,"{\"type\":\"LineString\",\"coordinates\":[[-85.8606879,34.7607194],[-85.8607165,34.7608149],[-85.8607809,34.7610484],[-85.8608077,34.7612556],[-85.8607648,34.7615024],[-85.8606812,34.7619814]]}",-85.86075,34.761348,County Road 246,ENG,4,7,,246,8200,20080000,AL071
f29b3f0d-ed0f-42de-8272-528457247a31,road_element,"{\"type\":\"LineString\",\"coordinates\":[[-85.9668354,34.7219316],[-85.9670631,34.7220146]]}",-85.966949,34.721973,County Road 33,ENG,4,5,,33,8200,20060000,AL071
f2eb0270-8703-4396-bf76-31e4324e28e0,road_element,"{\"type\":\"LineString\",\"coordinates\":[[-85.8320274,34.8627296],[-85.832657,34.863334]]}",-85.832342,34.863032,Kentucky Ave,ENG,4,5,,117,5500,20060000,AL071
f35408bd-f01d-4d1a-8eee-53195d25b08a,road_element,"{\"type\":\"LineString\",\"coordinates\":[[-85.8275161,34.8472229],[-85.8268892,34.8481805],[-85.8266011,34.8486158],[-85.8254439,34.8502814]]}",-85.82649,34.848759,US Highway 72,ENG,4,3,,2,5500,20040000,AL071
f35408bd-f01d-4d1a-8eee-53195d25b08a,road_element,"{\"type\":\"LineString\",\"coordinates\":[[-85.8275161,34.8472229],[-85.8268892,34.8481805],[-85.8266011,34.8486158],[-85.8254439,34.8502814]]}",-85.82649,34.848759,US Highway 72,ENG,4,3,E,72,5450,20040000,AL071
f3b11012-3d4f-47e2-aed7-dd7fb1f7144d,road_element,"{\"type\":\"LineString\",\"coordinates\":[[-85.8964235,34.7701735],[-85.8969236,34.7696177],[-85.8973866,34.7691212],[-85.898022,34.7684451],[-85.8985668,34.7678733]]}",-85.897489,34.769018,US Highway 72,ENG,4,3,,2,5500,20040000,AL071
f3b11012-3d4f-47e2-aed7-dd7fb1f7144d,road_element,"{\"type\":\"LineString\",\"coordinates\":[[-85.8964235,34.7701735],[-85.8969236,34.7696177],[-85.8973866,34.7691212],[-85.898022,34.7684451],[-85.8985668,34.7678733]]}",-85.897489,34.769018,US Highway 72,ENG,4,3,E,72,5450,20040000,AL071
f3c376e8-5da2-4f45-af61-dc3b94f296ab,road_element,"{\"type\":\"LineString\",\"coordinates\":[[-86.0009969,34.678365],[-86.0006893,34.6783865]]}",-86.000843,34.678376,Snodgrass Rd,ENG,4,6,,33,8200,20070000,AL071
f5e50fb2-89b5-42eb-9743-9840f3f42adc,road_element,"{\"type\":\"LineString\",\"coordinates\":[[-85.8443185,34.8668456],[-85.843843,34.866911],[-85.841888,34.867311]]}",-85.843101,34.867066,W Main St,ENG,4,5,,117,5500,20060000,AL071
f702f6ca-bfd2-4878-83af-f8a1f0812876,road_element,"{\"type\":\"LineString\",\"coordinates\":[[-85.8695168,34.7568032],[-85.8690045,34.7568627],[-85.8686183,34.7569156],[-85.8681784,34.7569729],[-85.8679719,34.7569971],[-85.8677466,34.7570082],[-85.867556,34.757004],[-85.8673335,34.7569729],[-85.8668856,34.7568473],[-85.8666495,34.7567636],[-85.866435,34.7566908],[-85.8663036,34.7566422]]}",-85.867895,34.756891,County Road 46,ENG,4,7,,46,8200,20080000,AL071
f72c771e-e216-42ee-ac86-6944e8321621,road_element,"{\"type\":\"LineString\",\"coordinates\":[[-86.0166885,34.6500568],[-86.0155232,34.6500478]]}",-86.016106,34.650052,Hood Ave,ENG,17,6,,,0,20070000,AL071
f7447561-ed7a-48a9-8e3f-c0ac322a84c5,road_element,"{\"type\":\"LineString\",\"coordinates\":[[-85.81153,34.843298],[-85.813067,34.844038],[-85.813496,34.8440959],[-85.8136315,34.8441081],[-85.8137937,34.8441114],[-85.8140479,34.8440987]]}",-85.812759,34.843822,County Road 287,ENG,4,6,,287,8200,20070000,AL071
f768957c-0b45-4dfb-b36e-dd1b214768a5,road_element,"{\"type\":\"LineString\",\"coordinates\":[[-85.7618943,34.7033475],[-85.761544,34.703631],[-85.760887,34.704202],[-85.760412,34.704648],[-85.75986,34.705192]]}",-85.760859,34.70425,AL Highway 71,ENG,4,5,,71,5500,20060000,AL071
