Road Name	road_id	netw_id	feat_id	feat_type	name	lang_code	netw_geo_id	ferry_type	junction_id_from	junction_id_to	stacked_netw	part_of_structure	urban	back_road	stubble	processing_status	transition	display_class	routing_class	form_of_way	freeway	ramp	carriageway_designator	road_condition	no_through_traffic	rough_road	plural_junction	restricted_access	lez_restriction	toll_restriction	construction_status	demolition_date	simple_traffic_direction	blocked_passage_start	blocked_passage_end	num_of_lanes	speed_category	speedmax_pos	speedmax_neg	speed_dynamic	speed_average_pos	speed_average_neg	average_travel_time_pos	average_travel_time_neg	tourist_route_scenic	tourist_route_national	tourist_route_regional	tourist_route_nature	tourist_route_cultural	no_pedestrian_passage	not_crossable_by_pedestrians	ownership	overtaking_lane	ft_address_area_boundary_element	ft_road_element	ft_ferry_element	ft_railway_element	geometry
Finley Blvd	00005541-4c00-4600-0000-000017e12b02	00005541-4c00-0400-0000-00000009326a	00005541-4c00-0400-0000-00000009326a	4110	Finley Blvd	ENG	00005541-4c00-0400-0000-00000009326a		00005541-4c00-2800-ffff-ffffd049e18c	00005541-4c00-2800-ffff-ffffd049e19e	false		true	0	false	1		20	1	2	false			1		false							2			4	4	50	50		79		1.2											false	true	false	false	{"type":"LineString","coordinates":[[-86.835275,33.536856],[-86.83553,33.536751]]}
Finley Blvd	00005541-4c00-4600-0000-000017e12b02	00005541-4c00-0400-0000-00000009a702	00005541-4c00-0400-0000-00000009a702	4110	Finley Blvd	ENG	00005541-4c00-0400-0000-00000009a702		00005541-4c00-2800-ffff-ffffd049e19d	00005541-4c00-2800-ffff-ffffd049e18a	false		true	0	false	1		20	1	2	false			1		false							2			3	4	50	50		79		1.0											false	true	false	false	{"type":"LineString","coordinates":[[-86.835433,33.536614],[-86.835237,33.536706]]}
Finley Blvd	00005541-4c00-4600-0000-000017e12b08	00005541-4c00-0400-0000-00000008ae7c	00005541-4c00-0400-0000-00000008ae7c	4110	Finley Blvd	ENG	00005541-4c00-0400-0000-00000008ae7c		00005541-4c00-2800-ffff-ffffd049d857	00005541-4c00-2800-ffff-ffffd049d848	false		true	0	false	1		52	4	2	false			1		false							3			3	7	50	50			20		8.3										false	true	false	false	{"type":"LineString","coordinates":[[-86.825225,33.542049],[-86.8248339,33.5423015]]}
Finley Blvd	00005541-4c00-4600-0000-000017e12b08	00005541-4c00-0400-0000-00000008ae93	00005541-4c00-0400-0000-00000008ae93	4110	Finley Blvd	ENG	00005541-4c00-0400-0000-00000008ae93		00005541-4c00-2800-ffff-ffffd049f8ed	00005541-4c00-2800-ffff-ffffd049d829	false		true	0	false	1		52	4	2	false			1		false							2			3	6	40	40		48		6.8											false	true	false	false	{"type":"LineString","coordinates":[[-86.825159,33.541906],[-86.824829,33.542125],[-86.8243982,33.5424202]]}
Finley Blvd	00005541-4c00-4600-0000-000017e12b08	00005541-4c00-0400-0000-00000009a708	00005541-4c00-0400-0000-00000009a708	4110	Finley Blvd	ENG	00005541-4c00-0400-0000-00000009a708		00005541-4c00-2800-ffff-ffffd049d848	00005541-4c00-2800-ffff-ffffd049d838	false		true	0	false	1		52	4	2	false			1		false							3			3	6	50	50			31		6.0										false	true	false	false	{"type":"LineString","coordinates":[[-86.8248339,33.5423015],[-86.824403,33.542602]]}
Finley Blvd	00005541-4c00-4600-0000-000017e12b09	00005541-4c00-0400-0000-00000008ae23	00005541-4c00-0400-0000-00000008ae23	4110	Finley Blvd	ENG	00005541-4c00-0400-0000-00000008ae23		00005541-4c00-2800-ffff-ffffd049d829	00005541-4c00-2800-ffff-ffffd049d837	false		true	0	false	1		52	4	2	false			1		false							2			4	5	40	40		57		3.6											false	true	false	false	{"type":"LineString","coordinates":[[-86.8243982,33.5424202],[-86.823911,33.542741]]}
Finley Blvd	00005541-4c00-4600-0000-000017e12b09	00005541-4c00-0400-0000-00000009a709	00005541-4c00-0400-0000-00000009a709	4110	Finley Blvd	ENG	00005541-4c00-0400-0000-00000009a709		00005541-4c00-2800-ffff-ffffd049d838	00005541-4c00-2800-ffff-ffffd049d839	false		true	0	false	1		52	4	2	false			1		false							3			3	6	50	50			43		4.3										false	true	false	false	{"type":"LineString","coordinates":[[-86.824403,33.542602],[-86.823967,33.542889]]}
Finley Blvd	00005541-4c00-4600-0000-000017e12b0a	00005541-4c00-0400-0000-00000009901e	00005541-4c00-0400-0000-00000009901e	4110	Finley Blvd	ENG	00005541-4c00-0400-0000-00000009901e		00005541-4c00-2800-ffff-ffffd049b96f	00005541-4c00-2800-ffff-ffffd049a49f	false		true	0	false	1		52	4	2	false			1		false							2			3	6	40	40		39		3.1											false	true	false	false	{"type":"LineString","coordinates":[[-86.816993,33.545514],[-86.816658,33.545622]]}
Finley Blvd	00005541-4c00-4600-0000-000017e12b0a	00005541-4c00-0400-0000-00000009a70a	00005541-4c00-0400-0000-00000009a70a	4110	Finley Blvd	ENG	00005541-4c00-0400-0000-00000009a70a		00005541-4c00-2800-ffff-ffffd049d740	00005541-4c00-2800-ffff-ffffd049a990	false		true	0	false	1		52	4	2	false			1		false							3			4	6	50	50			33		5.4										false	true	false	false	{"type":"LineString","coordinates":[[-86.817076,33.545617],[-86.816569,33.54576]]}
Finley Blvd	00005541-4c00-4600-0000-000017e12c23	00005541-4c00-0400-0000-00000008ba06	00005541-4c00-0400-0000-00000008ba06	4110	Finley Blvd	ENG	00005541-4c00-0400-0000-00000008ba06		00005541-4c00-2800-ffff-ffffd049e240	00005541-4c00-2800-ffff-ffffd049e23f	false		true	0	false	1		20	1	2	false			1		false							3			3	5	50	50			58		7.1										false	true	false	false	{"type":"LineString","coordinates":[[-86.848544,33.530298],[-86.848918,33.530136],[-86.849175,33.530024],[-86.849639,33.529829]]}
Finley Blvd	00005541-4c00-4600-0000-000017e12c23	00005541-4c00-0400-0000-00000009a823	00005541-4c00-0400-0000-00000009a823	4110	Finley Blvd	ENG	00005541-4c00-0400-0000-00000009a823		00005541-4c00-2800-ffff-ffffd049e23e	00005541-4c00-2800-ffff-ffffd049e244	false		true	0	false	1		20	1	2	false			1		false							2			3	5	50	50		56		6.7											false	true	false	false	{"type":"LineString","coordinates":[[-86.848628,33.530435],[-86.848858,33.530337],[-86.848987,33.530287],[-86.849124,33.530248],[-86.84927,33.530217],[-86.849426,33.530197],[-86.849466,33.530194],[-86.849693,33.530187]]}
Finley Blvd	00005541-4c00-4600-0000-000017e12c24	00005541-4c00-0400-0000-00000009a821	00005541-4c00-0400-0000-00000009a821	4110	Finley Blvd	ENG	00005541-4c00-0400-0000-00000009a821		00005541-4c00-2800-ffff-ffffd049e23f	00005541-4c00-2800-ffff-ffffd049e202	false		true	0	false	1		20	1	2	false			1		false							3			2	5	50	50			50		1.6										false	true	false	false	{"type":"LineString","coordinates":[[-86.849639,33.529829],[-86.849854,33.529743]]}
Finley Blvd	00005541-4c00-4600-0000-000017e12c24	00005541-4c00-0400-0000-00000009a824	00005541-4c00-0400-0000-00000009a824	4110	Finley Blvd	ENG	00005541-4c00-0400-0000-00000009a824		00005541-4c00-2800-ffff-ffffd049e244	00005541-4c00-2800-ffff-ffffd049e27a	false		true	0	false	1		20	1	2	false			1		false							2			3	6	50	50		47		1.3											false	true	false	false	{"type":"LineString","coordinates":[[-86.849693,33.530187],[-86.849878,33.530188]]}
Finley Blvd	00005541-4c00-4600-0000-000017e13949	00005541-4c00-0400-0000-00000009b53b	00005541-4c00-0400-0000-00000009b53b	4110	Finley Blvd	ENG	00005541-4c00-0400-0000-00000009b53b		00005541-4c00-2800-ffff-ffffd049a98d	00005541-4c00-2800-ffff-ffffd04a64c4	false		true	0	false	1		60	5	3	false			1		false							1				7				26	31	4.6	3.9										false	true	false	false	{"type":"LineString","coordinates":[[-86.814474,33.546384],[-86.814138,33.546491]]}
Finley Blvd	00005541-4c00-4600-0000-000017e13949	00005541-4c00-0400-0000-00000009b548	00005541-4c00-0400-0000-00000009b548	4110	Finley Blvd	ENG	00005541-4c00-0400-0000-00000009b548		00005541-4c00-2800-ffff-ffffd049a980	00005541-4c00-2800-ffff-ffffd049a98d	false		true	0	false	1		60	5	3	false			1		false							1				6				31	31	6.1	6.1										false	true	false	false	{"type":"LineString","coordinates":[[-86.815004,33.546224],[-86.814474,33.546384]]}
Finley Blvd	00005541-4c00-4600-0000-000017e13949	00005541-4c00-0400-0000-00000009b549	00005541-4c00-0400-0000-00000009b549	4110	Finley Blvd	ENG	00005541-4c00-0400-0000-00000009b549		00005541-4c00-2800-ffff-ffffd049a982	00005541-4c00-2800-ffff-ffffd049a980	false		true	0	false	1		60	5	3	false			1		false							1				7				28	22	1.7	2.2										false	true	false	false	{"type":"LineString","coordinates":[[-86.815131,33.546171],[-86.815004,33.546224]]}
Finley Blvd	00005541-4c00-4600-0000-000017e13ead	00005541-4c00-0400-0000-00000009baab	00005541-4c00-0400-0000-00000009baab	4110	Finley Blvd	ENG	00005541-4c00-0400-0000-00000009baab		00005541-4c00-2800-ffff-ffffd049a982	00005541-4c00-2800-ffff-ffffd049a4b9	false		true	0	false	1		60	5	2	false			1		false	1						3			1	7					9		16.2										false	true	false	false	{"type":"LineString","coordinates":[[-86.815131,33.546171],[-86.815173,33.546117],[-86.815495,33.5459823]]}
Finley Blvd	00005541-4c00-4600-0000-000017e13ead	00005541-4c00-0400-0000-00000009baac	00005541-4c00-0400-0000-00000009baac	4110	Finley Blvd	ENG	00005541-4c00-0400-0000-00000009baac		00005541-4c00-2800-ffff-ffffd049a984	00005541-4c00-2800-ffff-ffffd049a4b7	false		true	0	false	1		60	5	2	false			1		false	1						3			1	8					5		17.7										false	true	false	false	{"type":"LineString","coordinates":[[-86.8155453,33.5460907],[-86.815291,33.546151]]}
Finley Blvd	00005541-4c00-4600-0000-000017e13ead	00005541-4c00-0400-0000-00000009baad	00005541-4c00-0400-0000-00000009baad	4110	Finley Blvd	ENG	00005541-4c00-0400-0000-00000009baad		00005541-4c00-2800-ffff-ffffd049a4b7	00005541-4c00-2800-ffff-ffffd049a982	false		true	0	false	1		60	5	2	false			1		false	1						3			1	8					6		9.2										false	true	false	false	{"type":"LineString","coordinates":[[-86.815291,33.546151],[-86.815215,33.546175],[-86.815131,33.546171]]}
Finley Blvd	00005541-4c00-4600-0000-000017f56557	00005541-4c00-0400-0000-00000008b8b5	00005541-4c00-0400-0000-00000008b8b5	4110	Finley Blvd	ENG	00005541-4c00-0400-0000-00000008b8b5		00005541-4c00-2800-ffff-ffffd049e228	00005541-4c00-2800-ffff-ffffd049e226	false		true	0	false	1		20	1	2	false			1		false							2			3	4	50	50		72		0.5											false	true	false	false	{"type":"LineString","coordinates":[[-86.847069,33.531017],[-86.846967,33.531064]]}
Finley Blvd	00005541-4c00-4600-0000-000017f56557	00005541-4c00-0400-0000-00000008b8e8	00005541-4c00-0400-0000-00000008b8e8	4110	Finley Blvd	ENG	00005541-4c00-0400-0000-00000008b8e8		00005541-4c00-2800-ffff-ffffd049e22e	00005541-4c00-2800-ffff-ffffd049e228	false		true	0	false	1		20	1	2	false			1		false							2			3	4	50	50		70		1.9											false	true	false	false	{"type":"LineString","coordinates":[[-86.847408,33.530851],[-86.847069,33.531017]]}
Finley Blvd	00005541-4c00-4600-0000-000017f56557	00005541-4c00-0400-0000-0000000939e3	00005541-4c00-0400-0000-0000000939e3	4110	Finley Blvd	ENG	00005541-4c00-0400-0000-0000000939e3		00005541-4c00-2800-ffff-ffffd049e223	00005541-4c00-2800-ffff-ffffd049e225	false		true	0	false	1		20	1	2	false			1		false							2			3	4	50	50		72		11.2											false	true	false	false	{"type":"LineString","coordinates":[[-86.845011,33.53217],[-86.846066,33.531676],[-86.847107,33.531168]]}
Finley Blvd	00005541-4c00-4600-0000-000017f56557	00005541-4c00-0400-0000-0000000939ed	00005541-4c00-0400-0000-0000000939ed	4110	Finley Blvd	ENG	00005541-4c00-0400-0000-0000000939ed		00005541-4c00-2800-ffff-ffffd049e226	00005541-4c00-2800-ffff-ffffd049e220	false		true	0	false	1		20	1	2	false			1		false							2			3	4	50	50		74		10.6											false	true	false	false	{"type":"LineString","coordinates":[[-86.846967,33.531064],[-86.845965,33.531553],[-86.844928,33.532045]]}
Finley Blvd	00005541-4c00-4600-0000-000017f56557	00005541-4c00-0400-0000-0000001de157	00005541-4c00-0400-0000-0000001de157	4110	Finley Blvd	ENG	00005541-4c00-0400-0000-0000001de157		00005541-4c00-2800-ffff-ffffd049e225	00005541-4c00-2800-ffff-ffffd049e22f	false		true	0	false	1		20	1	2	false			1		false							2			3	4	50	50		69		2.2											false	true	false	false	{"type":"LineString","coordinates":[[-86.847107,33.531168],[-86.8472578,33.5310922],[-86.847493,33.530974]]}
Finley Blvd	00005541-4c00-4600-0000-000017f5655b	00005541-4c00-0400-0000-0000001de158	00005541-4c00-0400-0000-0000001de158	4110	Finley Blvd	ENG	00005541-4c00-0400-0000-0000001de158		00005541-4c00-2800-ffff-ffffd049e21e	00005541-4c00-2800-ffff-ffffd02a6882	false		true	0	false	1		20	1	2	false			1		false							2			3	4	50	50		73		4.2											false	true	false	false	{"type":"LineString","coordinates":[[-86.843944,33.532681],[-86.8447386,33.5323005]]}
Finley Blvd	00005541-4c00-4600-0000-000017f5655b	00005541-4c00-0400-0000-0000001de159	00005541-4c00-0400-0000-0000001de159	4110	Finley Blvd	ENG	00005541-4c00-0400-0000-0000001de159		00005541-4c00-2800-ffff-ffffd02a6882	00005541-4c00-2800-ffff-ffffd049e223	false		true	0	false	1		20	1	2	false			1		false							2			3	4	50	50		73		1.4											false	true	false	false	{"type":"LineString","coordinates":[[-86.8447386,33.5323005],[-86.845011,33.53217]]}
Finley Blvd	00005541-4c00-4600-0000-000017f5655b	00005541-4c00-0400-0000-0000001de15a	00005541-4c00-0400-0000-0000001de15a	4110	Finley Blvd	ENG	00005541-4c00-0400-0000-0000001de15a		00005541-4c00-2800-ffff-ffffd049e220	00005541-4c00-2800-ffff-ffffd02a6881	false		true	0	false	1		20	1	2	false			1		false							2			3	4	50	50		75		3.0											false	true	false	false	{"type":"LineString","coordinates":[[-86.844928,33.532045],[-86.8443524,33.5323182]]}
Finley Blvd	00005541-4c00-4600-0000-000017f5655b	00005541-4c00-0400-0000-0000001de15b	00005541-4c00-0400-0000-0000001de15b	4110	Finley Blvd	ENG	00005541-4c00-0400-0000-0000001de15b		00005541-4c00-2800-ffff-ffffd02a6881	00005541-4c00-2800-ffff-ffffd049e215	false		true	0	false	1		20	1	2	false			1		false							2			4	4	50	50		75		2.5											false	true	false	false	{"type":"LineString","coordinates":[[-86.8443524,33.5323182],[-86.843862,33.532551]]}
Finley Blvd	00005541-4c00-4600-0000-000017f5656d	00005541-4c00-0400-0000-0000001de16a	00005541-4c00-0400-0000-0000001de16a	4110	Finley Blvd	ENG	00005541-4c00-0400-0000-0000001de16a		00005541-4c00-2800-ffff-ffffd049e211	00005541-4c00-2800-ffff-ffffd02a6879	false		true	0	false	1		20	1	2	false			1		false							2			3	4	50	50		73		2.8											false	true	false	false	{"type":"LineString","coordinates":[[-86.843106,33.533101],[-86.8436318,33.5328375]]}
Finley Blvd	00005541-4c00-4600-0000-000017f5656d	00005541-4c00-0400-0000-0000001de16b	00005541-4c00-0400-0000-0000001de16b	4110	Finley Blvd	ENG	00005541-4c00-0400-0000-0000001de16b		00005541-4c00-2800-ffff-ffffd02a6879	00005541-4c00-2800-ffff-ffffd049e21e	false		true	0	false	1		20	1	2	false			1		false							2			3	4	50	50		73		1.7											false	true	false	false	{"type":"LineString","coordinates":[[-86.8436318,33.5328375],[-86.843944,33.532681]]}
Finley Blvd	00005541-4c00-4600-0000-000017f5656d	00005541-4c00-0400-0000-0000001de16d	00005541-4c00-0400-0000-0000001de16d	4110	Finley Blvd	ENG	00005541-4c00-0400-0000-0000001de16d		00005541-4c00-2800-ffff-ffffd049e215	00005541-4c00-2800-ffff-ffffd049e214	false		true	0	false	1		20	1	2	false			1		false							2			3	4	50	50		74		4.5											false	true	false	false	{"type":"LineString","coordinates":[[-86.843862,33.532551],[-86.8432351,33.5328619],[-86.843013,33.532972]]}
Finley Blvd	00005541-4c00-4600-0000-000017f5656f	00005541-4c00-0400-0000-000000092703	00005541-4c00-0400-0000-000000092703	4110	Finley Blvd	ENG	00005541-4c00-0400-0000-000000092703		00005541-4c00-2800-ffff-ffffd049e1a4	00005541-4c00-2800-ffff-ffffd049e1b1	false		true	0	false	1		20	1	2	false			1		false							2			3	4	50	50		80		5.7											false	true	false	false	{"type":"LineString","coordinates":[[-86.836789,33.536148],[-86.837976,33.535573]]}
Finley Blvd	00005541-4c00-4600-0000-000017f5656f	00005541-4c00-0400-0000-0000001de15e	00005541-4c00-0400-0000-0000001de15e	4110	Finley Blvd	ENG	00005541-4c00-0400-0000-0000001de15e		00005541-4c00-2800-ffff-ffffd049e1b1	00005541-4c00-2800-ffff-ffffd02a687f	false		true	0	false	1		20	1	2	false			1		false							2			3	4	50	50		77		4.5											false	true	false	false	{"type":"LineString","coordinates":[[-86.837976,33.535573],[-86.838865,33.5351385]]}
Finley Blvd	00005541-4c00-4600-0000-000017f5656f	00005541-4c00-0400-0000-0000001de15f	00005541-4c00-0400-0000-0000001de15f	4110	Finley Blvd	ENG	00005541-4c00-0400-0000-0000001de15f		00005541-4c00-2800-ffff-ffffd02a687f	00005541-4c00-2800-ffff-ffffd049e204	false		true	0	false	1		20	1	2	false			1		false							2			4	4	50	50		75		2.3											false	true	false	false	{"type":"LineString","coordinates":[[-86.838865,33.5351385],[-86.839314,33.534919]]}
Finley Blvd	00005541-4c00-4600-0000-000017f5656f	00005541-4c00-0400-0000-0000001de16e	00005541-4c00-0400-0000-0000001de16e	4110	Finley Blvd	ENG	00005541-4c00-0400-0000-0000001de16e		00005541-4c00-2800-ffff-ffffd049e1a9	00005541-4c00-2800-ffff-ffffd02a6877	false		true	0	false	1		20	1	2	false			1		false							2			3	4	50	50		77		11.1											false	true	false	false	{"type":"LineString","coordinates":[[-86.839231,33.53478],[-86.838835,33.534981],[-86.83772,33.53553],[-86.837024,33.5358641]]}
Finley Blvd	00005541-4c00-4600-0000-000017f5656f	00005541-4c00-0400-0000-0000001de16f	00005541-4c00-0400-0000-0000001de16f	4110	Finley Blvd	ENG	00005541-4c00-0400-0000-0000001de16f		00005541-4c00-2800-ffff-ffffd02a6877	00005541-4c00-2800-ffff-ffffd049e1a8	false		true	0	false	1		20	1	2	false			1		false							2			3	4	50	50		80		1.6											false	true	false	false	{"type":"LineString","coordinates":[[-86.837024,33.5358641],[-86.836695,33.536022]]}
Finley Blvd	00005541-4c00-4600-0000-000017f56573	00005541-4c00-0400-0000-0000001de160	00005541-4c00-0400-0000-0000001de160	4110	Finley Blvd	ENG	00005541-4c00-0400-0000-0000001de160		00005541-4c00-2800-ffff-ffffd049e208	00005541-4c00-2800-ffff-ffffd02a687e	false		true	0	false	1		20	1	2	false			1		false							2			3	4	50	50		75		3.1											false	true	false	false	{"type":"LineString","coordinates":[[-86.840457,33.5342],[-86.8398562,33.5344842]]}
Finley Blvd	00005541-4c00-4600-0000-000017f56573	00005541-4c00-0400-0000-0000001de162	00005541-4c00-0400-0000-0000001de162	4110	Finley Blvd	ENG	00005541-4c00-0400-0000-0000001de162		00005541-4c00-2800-ffff-ffffd049e204	00005541-4c00-2800-ffff-ffffd02a687d	false		true	0	false	1		20	1	2	false			1		false							2			3	4	50	50		75		4.7											false	true	false	false	{"type":"LineString","coordinates":[[-86.839314,33.534919],[-86.8402222,33.5344874]]}
Finley Blvd	00005541-4c00-4600-0000-000017f56573	00005541-4c00-0400-0000-0000001de163	00005541-4c00-0400-0000-0000001de163	4110	Finley Blvd	ENG	00005541-4c00-0400-0000-0000001de163		00005541-4c00-2800-ffff-ffffd02a687d	00005541-4c00-2800-ffff-ffffd049e209	false		true	0	false	1		20	1	2	false			1		false							2			3	4	50	50		73		1.7											false	true	false	false	{"type":"LineString","coordinates":[[-86.8402222,33.5344874],[-86.840547,33.534333]]}
Finley Blvd	00005541-4c00-4600-0000-000017f56573	00005541-4c00-0400-0000-0000001de172	00005541-4c00-0400-0000-0000001de172	4110	Finley Blvd	ENG	00005541-4c00-0400-0000-0000001de172		00005541-4c00-2800-ffff-ffffd02a687e	00005541-4c00-2800-ffff-ffffd02a6875	false		true	0	false	1		20	1	2	false			1		false							2			4	4	50	50		76		1.6											false	true	false	false	{"type":"LineString","coordinates":[[-86.8398562,33.5344842],[-86.8395455,33.5346312]]}
Finley Blvd	00005541-4c00-4600-0000-000017f56573	00005541-4c00-0400-0000-0000001de173	00005541-4c00-0400-0000-0000001de173	4110	Finley Blvd	ENG	00005541-4c00-0400-0000-0000001de173		00005541-4c00-2800-ffff-ffffd02a6875	00005541-4c00-2800-ffff-ffffd049e1a9	false		true	0	false	1		20	1	2	false			1		false							2			4	4	50	50		77		1.6											false	true	false	false	{"type":"LineString","coordinates":[[-86.8395455,33.5346312],[-86.839231,33.53478]]}
Finley Blvd	00005541-4c00-4600-0000-000017f56581	00005541-4c00-0400-0000-0000001de166	00005541-4c00-0400-0000-0000001de166	4110	Finley Blvd	ENG	00005541-4c00-0400-0000-0000001de166		00005541-4c00-2800-ffff-ffffd049e214	00005541-4c00-2800-ffff-ffffd02a687b	false		true	0	false	1		20	1	2	false			1		false							2			3	4	50	50		68		3.5											false	true	false	false	{"type":"LineString","coordinates":[[-86.843013,33.532972],[-86.8423954,33.5332725]]}
Finley Blvd	00005541-4c00-4600-0000-000017f56581	00005541-4c00-0400-0000-0000001de168	00005541-4c00-0400-0000-0000001de168	4110	Finley Blvd	ENG	00005541-4c00-0400-0000-0000001de168		00005541-4c00-2800-ffff-ffffd049e20a	00005541-4c00-2800-ffff-ffffd02a687a	false		true	0	false	1		20	1	2	false			1		false							2			3	4	50	50		67		5.3											false	true	false	false	{"type":"LineString","coordinates":[[-86.841771,33.533737],[-86.842325,33.533476],[-86.8426926,33.5332995]]}
Finley Blvd	00005541-4c00-4600-0000-000017f56581	00005541-4c00-0400-0000-0000001de169	00005541-4c00-0400-0000-0000001de169	4110	Finley Blvd	ENG	00005541-4c00-0400-0000-0000001de169		00005541-4c00-2800-ffff-ffffd02a687a	00005541-4c00-2800-ffff-ffffd049e211	false		true	0	false	1		20	1	2	false			1		false							2			4	4	50	50		72		2.2											false	true	false	false	{"type":"LineString","coordinates":[[-86.8426926,33.5332995],[-86.843106,33.533101]]}
Finley Blvd	00005541-4c00-4600-0000-000017f56581	00005541-4c00-0400-0000-0000001de180	00005541-4c00-0400-0000-0000001de180	4110	Finley Blvd	ENG	00005541-4c00-0400-0000-0000001de180		00005541-4c00-2800-ffff-ffffd02a687b	00005541-4c00-2800-ffff-ffffd02a686e	false		true	0	false	1		20	1	2	false			1		false							2			4	4	50	50		60		2.3											false	true	false	false	{"type":"LineString","coordinates":[[-86.8423954,33.5332725],[-86.842193,33.533371],[-86.8420333,33.5334464]]}
Finley Blvd	00005541-4c00-4600-0000-000017f56581	00005541-4c00-0400-0000-0000001de181	00005541-4c00-0400-0000-0000001de181	4110	Finley Blvd	ENG	00005541-4c00-0400-0000-0000001de181		00005541-4c00-2800-ffff-ffffd02a686e	00005541-4c00-2800-ffff-ffffd049e20c	false		true	0	false	1		20	1	2	false			1		false							2			4	4	50	50		48		2.8											false	true	false	false	{"type":"LineString","coordinates":[[-86.8420333,33.5334464],[-86.841689,33.533609]]}
Finley Blvd	00005541-4c00-4600-0000-000017f56587	00005541-4c00-0400-0000-0000001de182	00005541-4c00-0400-0000-0000001de182	4110	Finley Blvd	ENG	00005541-4c00-0400-0000-0000001de182		00005541-4c00-2800-ffff-ffffd049e19e	00005541-4c00-2800-ffff-ffffd02a686d	false		true	0	false	1		20	1	2	false			1		false							2			3	4	50	50		80		3.7											false	true	false	false	{"type":"LineString","coordinates":[[-86.83553,33.536751],[-86.835905,33.536562],[-86.8362866,33.5363833]]}
Finley Blvd	00005541-4c00-4600-0000-000017f56587	00005541-4c00-0400-0000-0000001de183	00005541-4c00-0400-0000-0000001de183	4110	Finley Blvd	ENG	00005541-4c00-0400-0000-0000001de183		00005541-4c00-2800-ffff-ffffd02a686d	00005541-4c00-2800-ffff-ffffd049e1a4	false		true	0	false	1		20	1	2	false			1		false							2			4	4	50	50		80		2.4											false	true	false	false	{"type":"LineString","coordinates":[[-86.8362866,33.5363833],[-86.836789,33.536148]]}
Finley Blvd	00005541-4c00-4600-0000-000017f56587	00005541-4c00-0400-0000-0000001de184	00005541-4c00-0400-0000-0000001de184	4110	Finley Blvd	ENG	00005541-4c00-0400-0000-0000001de184		00005541-4c00-2800-ffff-ffffd049e1a8	00005541-4c00-2800-ffff-ffffd02a686c	false		true	0	false	1		20	1	2	false			1		false							2			3	4	50	50		80		3.7											false	true	false	false	{"type":"LineString","coordinates":[[-86.836695,33.536022],[-86.8359259,33.5363828]]}
Finley Blvd	00005541-4c00-4600-0000-000017f56587	00005541-4c00-0400-0000-0000001de186	00005541-4c00-0400-0000-0000001de186	4110	Finley Blvd	ENG	00005541-4c00-0400-0000-0000001de186		00005541-4c00-2800-ffff-ffffd02a686c	00005541-4c00-2800-ffff-ffffd02a686b	false		true	0	false	1		20	1	2	false			1		false							2			4	4	50	50		80		0.8											false	true	false	false	{"type":"LineString","coordinates":[[-86.8359259,33.5363828],[-86.8357521,33.5364643]]}
Finley Blvd	00005541-4c00-4600-0000-000017f56587	00005541-4c00-0400-0000-0000001de187	00005541-4c00-0400-0000-0000001de187	4110	Finley Blvd	ENG	00005541-4c00-0400-0000-0000001de187		00005541-4c00-2800-ffff-ffffd02a686b	00005541-4c00-2800-ffff-ffffd049e19d	false		true	0	false	1		20	1	2	false			1		false							2			4	4	50	50		80		1.5											false	true	false	false	{"type":"LineString","coordinates":[[-86.8357521,33.5364643],[-86.835433,33.536614]]}
Finley Blvd	00005541-4c00-4600-0000-000017f5658b	00005541-4c00-0400-0000-00000008b3b6	00005541-4c00-0400-0000-00000008b3b6	4110	Finley Blvd	ENG	00005541-4c00-0400-0000-00000008b3b6		00005541-4c00-2800-ffff-ffffd049e161	00005541-4c00-2800-ffff-ffffd049e162	false		true	0	false	1		20	1	2	false			1		false							2			3	4	50	50		77		1.6											false	true	false	false	{"type":"LineString","coordinates":[[-86.833798,33.537318],[-86.833466,33.537471]]}
Finley Blvd	00005541-4c00-4600-0000-000017f5658b	00005541-4c00-0400-0000-00000009326d	00005541-4c00-0400-0000-00000009326d	4110	Finley Blvd	ENG	00005541-4c00-0400-0000-00000009326d		00005541-4c00-2800-ffff-ffffd049e175	00005541-4c00-2800-ffff-ffffd049e161	false		true	0	false	1		20	1	2	false			1		false							2			3	4	50	50		77		0.7											false	true	false	false	{"type":"LineString","coordinates":[[-86.833939,33.537255],[-86.833798,33.537318]]}
Finley Blvd	00005541-4c00-4600-0000-000017f5658b	00005541-4c00-0400-0000-00000009326f	00005541-4c00-0400-0000-00000009326f	4110	Finley Blvd	ENG	00005541-4c00-0400-0000-00000009326f		00005541-4c00-2800-ffff-ffffd049e174	00005541-4c00-2800-ffff-ffffd049e171	false		true	0	false	1		20	1	2	false			1		false							3			4	4	50	50			78		0.8										false	true	false	false	{"type":"LineString","coordinates":[[-86.834024,33.537395],[-86.833865,33.53746]]}
Finley Blvd	00005541-4c00-4600-0000-000017f5658b	00005541-4c00-0400-0000-00000009a704	00005541-4c00-0400-0000-00000009a704	4110	Finley Blvd	ENG	00005541-4c00-0400-0000-00000009a704		00005541-4c00-2800-ffff-ffffd049e171	00005541-4c00-2800-ffff-ffffd049e167	false		true	0	false	1		20	1	2	false			1		false							3			4	4	50	50			78		1.9										false	true	false	false	{"type":"LineString","coordinates":[[-86.833865,33.53746],[-86.833476,33.53763]]}
Finley Blvd	00005541-4c00-4600-0000-000017f5658b	00005541-4c00-0400-0000-00000017fdea	00005541-4c00-0400-0000-00000017fdea	4110	Finley Blvd	ENG	00005541-4c00-0400-0000-00000017fdea		00005541-4c00-2800-ffff-ffffd049e167	00005541-4c00-2800-ffff-ffffd033c7c0	false		true	0	false	1		20	1	2	false			1		false							3			3	4	50	50			76		4.2										false	true	false	false	{"type":"LineString","coordinates":[[-86.833476,33.53763],[-86.833047,33.537812],[-86.8326179,33.5379877]]}
Finley Blvd	00005541-4c00-4600-0000-000017f5658b	00005541-4c00-0400-0000-00000017fdeb	00005541-4c00-0400-0000-00000017fdeb	4110	Finley Blvd	ENG	00005541-4c00-0400-0000-00000017fdeb		00005541-4c00-2800-ffff-ffffd033c7c0	00005541-4c00-2800-ffff-ffffd049e14f	false		true	0	false	1		20	1	2	false			1		false							3			3	4	50	50			74		1.4										false	true	false	false	{"type":"LineString","coordinates":[[-86.8326179,33.5379877],[-86.832341,33.538101]]}
Finley Blvd	00005541-4c00-4600-0000-000017f5658b	00005541-4c00-0400-0000-0000001de18b	00005541-4c00-0400-0000-0000001de18b	4110	Finley Blvd	ENG	00005541-4c00-0400-0000-0000001de18b		00005541-4c00-2800-ffff-ffffd049e162	00005541-4c00-2800-ffff-ffffd049e147	false		true	0	false	1		20	1	2	false			1		false							2			3	4	50	50		75		5.5											false	true	false	false	{"type":"LineString","coordinates":[[-86.833466,33.537471],[-86.8326968,33.5377936],[-86.832355,33.537937]]}
Finley Blvd	00005541-4c00-4600-0000-000017f565c8	00005541-4c00-0400-0000-00000014c732	00005541-4c00-0400-0000-00000014c732	4110	Finley Blvd	ENG	00005541-4c00-0400-0000-00000014c732		00005541-4c00-2800-ffff-ffffd0355f5d	00005541-4c00-2800-ffff-ffffd049e0d6	false		true	0	false	1		20	1	2	false			1		false							3			3	6	50	50			48		4.5										false	true	false	false	{"type":"LineString","coordinates":[[-86.8282595,33.5400102],[-86.828232,33.540029],[-86.827767,33.540358]]}
Finley Blvd	00005541-4c00-4600-0000-000017f565c8	00005541-4c00-0400-0000-0000001de1c7	00005541-4c00-0400-0000-0000001de1c7	4110	Finley Blvd	ENG	00005541-4c00-0400-0000-0000001de1c7		00005541-4c00-2800-ffff-ffffd035a64f	00005541-4c00-2800-ffff-ffffd02a684f	false		true	0	false	1		20	1	2	false			1		false							2			3	5	40	40		49		1.1											false	true	false	false	{"type":"LineString","coordinates":[[-86.8281758,33.5398845],[-86.8280546,33.5399654]]}
Finley Blvd	00005541-4c00-4600-0000-000017f565c8	00005541-4c00-0400-0000-0000001de1c8	00005541-4c00-0400-0000-0000001de1c8	4110	Finley Blvd	ENG	00005541-4c00-0400-0000-0000001de1c8		00005541-4c00-2800-ffff-ffffd02a684f	00005541-4c00-2800-ffff-ffffd049e0d2	false		true	0	false	1		20	1	2	false			1		false							2			4	5	40	40		48		3.2											false	true	false	false	{"type":"LineString","coordinates":[[-86.8280546,33.5399654],[-86.8277,33.540202]]}
Finley Blvd	00005541-4c00-4600-0000-000017f565cc	00005541-4c00-0400-0000-0000001de1c9	00005541-4c00-0400-0000-0000001de1c9	4110	Finley Blvd	ENG	00005541-4c00-0400-0000-0000001de1c9		00005541-4c00-2800-ffff-ffffd049e0d6	00005541-4c00-2800-ffff-ffffd02a684e	false		true	0	false	1		20	1	2	false			1		false							3			4	6	50	50			45		4.3										false	true	false	false	{"type":"LineString","coordinates":[[-86.827767,33.540358],[-86.827418,33.54058],[-86.8273025,33.5406563]]}
Finley Blvd	00005541-4c00-4600-0000-000017f565cc	00005541-4c00-0400-0000-0000001de1ca	00005541-4c00-0400-0000-0000001de1ca	4110	Finley Blvd	ENG	00005541-4c00-0400-0000-0000001de1ca		00005541-4c00-2800-ffff-ffffd02a684e	00005541-4c00-2800-ffff-ffffd049e0c3	false		true	0	false	1		20	1	2	false			1		false							3			3	6	50	50			41		8.3										false	true	false	false	{"type":"LineString","coordinates":[[-86.8273025,33.5406563],[-86.826999,33.540857],[-86.826504,33.54118]]}
Finley Blvd	00005541-4c00-4600-0000-000017f565cc	00005541-4c00-0400-0000-0000001de1cb	00005541-4c00-0400-0000-0000001de1cb	4110	Finley Blvd	ENG	00005541-4c00-0400-0000-0000001de1cb		00005541-4c00-2800-ffff-ffffd049e0d2	00005541-4c00-2800-ffff-ffffd02a684d	false		true	0	false	1		20	1	2	false			1		false							2			3	6	40	40		31		13.4											false	true	false	false	{"type":"LineString","coordinates":[[-86.8277,33.540202],[-86.82713,33.540586],[-86.826777,33.540819],[-86.826729,33.5408507]]}
Finley Blvd	00005541-4c00-4600-0000-000017f565cc	00005541-4c00-0400-0000-0000001de1cc	00005541-4c00-0400-0000-0000001de1cc	4110	Finley Blvd	ENG	00005541-4c00-0400-0000-0000001de1cc		00005541-4c00-2800-ffff-ffffd02a684d	00005541-4c00-2800-ffff-ffffd049f8eb	false		true	0	false	1		20	1	2	false			1		false							2			3	7	40	40		19		6.8											false	true	false	false	{"type":"LineString","coordinates":[[-86.826729,33.5408507],[-86.826427,33.54105]]}
Finley Blvd	00005541-4c00-4600-0000-000017f565e4	00005541-4c00-0400-0000-000000093966	00005541-4c00-0400-0000-000000093966	4110	Finley Blvd	ENG	00005541-4c00-0400-0000-000000093966		00005541-4c00-2800-ffff-ffffd049e112	00005541-4c00-2800-ffff-ffffd049e0f7	false		true	0	false	1		20	1	2	false			1		false							3			3	5	50	50			52		10.1										false	true	false	false	{"type":"LineString","coordinates":[[-86.830406,33.538924],[-86.829567,33.539272],[-86.829325,33.539383],[-86.829014,33.539535]]}
Finley Blvd	00005541-4c00-4600-0000-000017f565e4	00005541-4c00-0400-0000-00000009a707	00005541-4c00-0400-0000-00000009a707	4110	Finley Blvd	ENG	00005541-4c00-0400-0000-00000009a707		00005541-4c00-2800-ffff-ffffd049e154	00005541-4c00-2800-ffff-ffffd049e112	false		true	0	false	1		20	1	2	false			1		false							3			3	5	50	50			67		4.8										false	true	false	false	{"type":"LineString","coordinates":[[-86.831258,33.53856],[-86.830406,33.538924]]}
Finley Blvd	00005541-4c00-4600-0000-000017f565e4	00005541-4c00-0400-0000-00000017ffbe	00005541-4c00-0400-0000-00000017ffbe	4110	Finley Blvd	ENG	00005541-4c00-0400-0000-00000017ffbe		00005541-4c00-2800-ffff-ffffd049e117	00005541-4c00-2800-ffff-ffffd033c6fb	false		true	0	false	1		20	1	2	false			1		false							2			3	5	50	50		56		8.7											false	true	false	false	{"type":"LineString","coordinates":[[-86.831065,33.538469],[-86.830331,33.53879],[-86.8297708,33.5390257]]}
Finley Blvd	00005541-4c00-4600-0000-000017f565e4	00005541-4c00-0400-0000-0000001de18e	00005541-4c00-0400-0000-0000001de18e	4110	Finley Blvd	ENG	00005541-4c00-0400-0000-0000001de18e		00005541-4c00-2800-ffff-ffffd033c6fb	00005541-4c00-2800-ffff-ffffd02a6867	false		true	0	false	1		20	1	2	false			1		false							2			3	6	50	50		34		0.9											false	true	false	false	{"type":"LineString","coordinates":[[-86.8297708,33.5390257],[-86.8296876,33.5390607]]}
Finley Blvd	00005541-4c00-4600-0000-000017f565e4	00005541-4c00-0400-0000-0000001de1e3	00005541-4c00-0400-0000-0000001de1e3	4110	Finley Blvd	ENG	00005541-4c00-0400-0000-0000001de1e3		00005541-4c00-2800-ffff-ffffd02a6867	00005541-4c00-2800-ffff-ffffd02a6842	false		true	0	false	1		20	1	2	false			1		false							2			4	6	50	50		23		5.5											false	true	false	false	{"type":"LineString","coordinates":[[-86.8296876,33.5390607],[-86.829511,33.539135],[-86.8293545,33.5392055]]}
Finley Blvd	00005541-4c00-4600-0000-000017f565e4	00005541-4c00-0400-0000-0000001de1e4	00005541-4c00-0400-0000-0000001de1e4	4110	Finley Blvd	ENG	00005541-4c00-0400-0000-0000001de1e4		00005541-4c00-2800-ffff-ffffd02a6842	00005541-4c00-2800-ffff-ffffd049e106	false		true	0	false	1		20	1	2	false			1		false							2			4	7	50	50		13		11.5											false	true	false	false	{"type":"LineString","coordinates":[[-86.8293545,33.5392055],[-86.829127,33.539308],[-86.828962,33.539386]]}
Finley Blvd	00005541-4c00-4600-0000-000017f565e8	00005541-4c00-0400-0000-0000001de188	00005541-4c00-0400-0000-0000001de188	4110	Finley Blvd	ENG	00005541-4c00-0400-0000-0000001de188		00005541-4c00-2800-ffff-ffffd049e18c	00005541-4c00-2800-ffff-ffffd02a686a	false		true	0	false	1		20	1	2	false			1		false							3			4	4	50	50			79		2.7										false	true	false	false	{"type":"LineString","coordinates":[[-86.835275,33.536856],[-86.8347179,33.5370983]]}
Finley Blvd	00005541-4c00-4600-0000-000017f565e8	00005541-4c00-0400-0000-0000001de189	00005541-4c00-0400-0000-0000001de189	4110	Finley Blvd	ENG	00005541-4c00-0400-0000-0000001de189		00005541-4c00-2800-ffff-ffffd02a686a	00005541-4c00-2800-ffff-ffffd049e174	false		true	0	false	1		20	1	2	false			1		false							3			3	4	50	50			79		3.3										false	true	false	false	{"type":"LineString","coordinates":[[-86.8347179,33.5370983],[-86.834507,33.53719],[-86.834024,33.537395]]}
Finley Blvd	00005541-4c00-4600-0000-000017f565e8	00005541-4c00-0400-0000-0000001de1e7	00005541-4c00-0400-0000-0000001de1e7	4110	Finley Blvd	ENG	00005541-4c00-0400-0000-0000001de1e7		00005541-4c00-2800-ffff-ffffd049e18a	00005541-4c00-2800-ffff-ffffd02a683f	false		true	0	false	1		20	1	2	false			1		false							2			3	4	50	50		79		4.8											false	true	false	false	{"type":"LineString","coordinates":[[-86.835237,33.536706],[-86.834752,33.53692],[-86.8342196,33.5371394]]}
Finley Blvd	00005541-4c00-4600-0000-000017f565e8	00005541-4c00-0400-0000-0000001de1e8	00005541-4c00-0400-0000-0000001de1e8	4110	Finley Blvd	ENG	00005541-4c00-0400-0000-0000001de1e8		00005541-4c00-2800-ffff-ffffd02a683f	00005541-4c00-2800-ffff-ffffd049e175	false		true	0	false	1		20	1	2	false			1		false							2			3	4	50	50		78		1.3											false	true	false	false	{"type":"LineString","coordinates":[[-86.8342196,33.5371394],[-86.833939,33.537255]]}
Finley Blvd	00005541-4c00-4600-0000-000017f56602	00005541-4c00-0400-0000-00000008aef4	00005541-4c00-0400-0000-00000008aef4	4110	Finley Blvd	ENG	00005541-4c00-0400-0000-00000008aef4		00005541-4c00-2800-ffff-ffffd049f8e9	00005541-4c00-2800-ffff-ffffd049f8f2	false		true	0	false	1		20	1	2	false			1		false							3			3	6	50	50			35		2.2										false	true	false	false	{"type":"LineString","coordinates":[[-86.825909,33.541582],[-86.8257438,33.5417119]]}
Finley Blvd	00005541-4c00-4600-0000-000017f56602	00005541-4c00-0400-0000-00000008af24	00005541-4c00-0400-0000-00000008af24	4110	Finley Blvd	ENG	00005541-4c00-0400-0000-00000008af24		00005541-4c00-2800-ffff-ffffd049f8ec	00005541-4c00-2800-ffff-ffffd049f8ee	false		true	0	false	1		20	1	2	false			1		false							2			3	6	40	40		37		2.0											false	true	false	false	{"type":"LineString","coordinates":[[-86.825847,33.54144],[-86.8256721,33.5415553]]}
Finley Blvd	00005541-4c00-4600-0000-000017f56602	00005541-4c00-0400-0000-000000093921	00005541-4c00-0400-0000-000000093921	4110	Finley Blvd	ENG	00005541-4c00-0400-0000-000000093921		00005541-4c00-2800-ffff-ffffd049f8f2	00005541-4c00-2800-ffff-ffffd049d857	false		true	0	false	1		20	1	2	false			1		false							3			3	7	50	50			29		7.6										false	true	false	false	{"type":"LineString","coordinates":[[-86.8257438,33.5417119],[-86.825529,33.541846],[-86.825225,33.542049]]}
Finley Blvd	00005541-4c00-4600-0000-000017f56602	00005541-4c00-0400-0000-000000093930	00005541-4c00-0400-0000-000000093930	4110	Finley Blvd	ENG	00005541-4c00-0400-0000-000000093930		00005541-4c00-2800-ffff-ffffd049f8eb	00005541-4c00-2800-ffff-ffffd049f8ec	false		true	0	false	1		20	1	2	false			1		false							2			3	6	40	40		36		6.9											false	true	false	false	{"type":"LineString","coordinates":[[-86.826427,33.54105],[-86.825847,33.54144]]}
Finley Blvd	00005541-4c00-4600-0000-000017f56602	00005541-4c00-0400-0000-0000001de1ff	00005541-4c00-0400-0000-0000001de1ff	4110	Finley Blvd	ENG	00005541-4c00-0400-0000-0000001de1ff		00005541-4c00-2800-ffff-ffffd049f8ee	00005541-4c00-2800-ffff-ffffd02a6833	false		true	0	false	1		20	1	2	false			1		false							2			3	6	40	40		28		3.6											false	true	false	false	{"type":"LineString","coordinates":[[-86.8256721,33.5415553],[-86.8255137,33.5416665],[-86.8254371,33.5417182]]}
Finley Blvd	00005541-4c00-4600-0000-000017f56602	00005541-4c00-0400-0000-0000001de200	00005541-4c00-0400-0000-0000001de200	4110	Finley Blvd	ENG	00005541-4c00-0400-0000-0000001de200		00005541-4c00-2800-ffff-ffffd02a6833	00005541-4c00-2800-ffff-ffffd049f8ed	false		true	0	false	1		20	1	2	false			1		false							2			4	7	40	40		22		5.4											false	true	false	false	{"type":"LineString","coordinates":[[-86.8254371,33.5417182],[-86.825159,33.541906]]}
Finley Blvd	00005541-4c00-4600-0000-000017f56602	00005541-4c00-0400-0000-0000001de201	00005541-4c00-0400-0000-0000001de201	4110	Finley Blvd	ENG	00005541-4c00-0400-0000-0000001de201		00005541-4c00-2800-ffff-ffffd049e0c3	00005541-4c00-2800-ffff-ffffd02a6832	false		true	0	false	1		20	1	2	false			1		false							3			4	6	50	50			22		8.0										false	true	false	false	{"type":"LineString","coordinates":[[-86.826504,33.54118],[-86.826141,33.541426],[-86.8260937,33.5414578]]}
Finley Blvd	00005541-4c00-4600-0000-000017f56602	00005541-4c00-0400-0000-0000001de202	00005541-4c00-0400-0000-0000001de202	4110	Finley Blvd	ENG	00005541-4c00-0400-0000-0000001de202		00005541-4c00-2800-ffff-ffffd02a6832	00005541-4c00-2800-ffff-ffffd049f8e9	false		true	0	false	1		20	1	2	false			1		false							3			3	6	50	50			31		2.6										false	true	false	false	{"type":"LineString","coordinates":[[-86.8260937,33.5414578],[-86.825909,33.541582]]}
Finley Blvd	00005541-4c00-4600-0000-000017f70abc	00005541-4c00-0400-0000-00000008b92b	00005541-4c00-0400-0000-00000008b92b	4110	Finley Blvd	ENG	00005541-4c00-0400-0000-00000008b92b		00005541-4c00-2800-ffff-ffffd049e234	00005541-4c00-2800-ffff-ffffd049e22f	false		true	0	false	1		20	1	2	false			1		false							3			3	5	50	50			67		4.1										false	true	false	false	{"type":"LineString","coordinates":[[-86.848209,33.530627],[-86.847493,33.530974]]}
Finley Blvd	00005541-4c00-4600-0000-000017f70abc	00005541-4c00-0400-0000-00000008b94a	00005541-4c00-0400-0000-00000008b94a	4110	Finley Blvd	ENG	00005541-4c00-0400-0000-00000008b94a		00005541-4c00-2800-ffff-ffffd049e235	00005541-4c00-2800-ffff-ffffd049e234	false		true	0	false	1		20	1	2	false			1		false							3			3	5	50	50			64		1.2										false	true	false	false	{"type":"LineString","coordinates":[[-86.848406,33.530537],[-86.848209,33.530627]]}
Finley Blvd	00005541-4c00-4600-0000-000017f70abc	00005541-4c00-0400-0000-00000008b964	00005541-4c00-0400-0000-00000008b964	4110	Finley Blvd	ENG	00005541-4c00-0400-0000-00000008b964		00005541-4c00-2800-ffff-ffffd049e23e	00005541-4c00-2800-ffff-ffffd049e235	false		true	0	false	1		20	1	2	false			1		false							3			3	5	50	50			63		1.3										false	true	false	false	{"type":"LineString","coordinates":[[-86.848628,33.530435],[-86.848406,33.530537]]}
Finley Blvd	00005541-4c00-4600-0000-000017f70abc	00005541-4c00-0400-0000-0000001de14a	00005541-4c00-0400-0000-0000001de14a	4110	Finley Blvd	ENG	00005541-4c00-0400-0000-0000001de14a		00005541-4c00-2800-ffff-ffffd049e22e	00005541-4c00-2800-ffff-ffffd02a6889	false		true	0	false	1		20	1	2	false			1		false							3			4	4	50	50			69		3.2										false	true	false	false	{"type":"LineString","coordinates":[[-86.847408,33.530851],[-86.8479867,33.5305694]]}
Finley Blvd	00005541-4c00-4600-0000-000017f70abc	00005541-4c00-0400-0000-0000001f86bc	00005541-4c00-0400-0000-0000001f86bc	4110	Finley Blvd	ENG	00005541-4c00-0400-0000-0000001f86bc		00005541-4c00-2800-ffff-ffffd02a6889	00005541-4c00-2800-ffff-ffffd049e240	false		true	0	false	1		20	1	2	false			1		false							3			3	5	50	50			66		3.3										false	true	false	false	{"type":"LineString","coordinates":[[-86.8479867,33.5305694],[-86.8482479,33.5304422],[-86.848312,33.530411],[-86.848544,33.530298]]}
Finley Blvd	00005541-4c00-4600-0000-000017f70abe	00005541-4c00-0400-0000-0000001de164	00005541-4c00-0400-0000-0000001de164	4110	Finley Blvd	ENG	00005541-4c00-0400-0000-0000001de164		00005541-4c00-2800-ffff-ffffd049e209	00005541-4c00-2800-ffff-ffffd02a687c	false		true	0	false	1		20	1	2	false			1		false							2			3	4	50	50		65		5.1											false	true	false	false	{"type":"LineString","coordinates":[[-86.840547,33.534333],[-86.8414056,33.5339149]]}
Finley Blvd	00005541-4c00-4600-0000-000017f70abe	00005541-4c00-0400-0000-0000001de165	00005541-4c00-0400-0000-0000001de165	4110	Finley Blvd	ENG	00005541-4c00-0400-0000-0000001de165		00005541-4c00-2800-ffff-ffffd02a687c	00005541-4c00-2800-ffff-ffffd049e20a	false		true	0	false	1		20	1	2	false			1		false							2			3	4	50	50		44		3.2											false	true	false	false	{"type":"LineString","coordinates":[[-86.8414056,33.5339149],[-86.841771,33.533737]]}
Finley Blvd	00005541-4c00-4600-0000-000017f70abe	882da322-7b7b-4472-bea6-abd8cf4abc34	882da322-7b7b-4472-bea6-abd8cf4abc34	4110	Finley Blvd	ENG	882da322-7b7b-4472-bea6-abd8cf4abc34		d284f225-cba3-47e5-ba56-95e82137363b	00005541-4c00-2800-ffff-ffffd049e208	false		true	0	false	1		20	1	2	false			1		false							2			3	4	50	50		75		2.5											false	true	false	false	{"type":"LineString","coordinates":[[-86.8409419,33.5339674],[-86.840457,33.5342]]}
Finley Blvd	00005541-4c00-4600-0000-000017f70abe	fc785357-aa1d-4212-8015-bef21df472b6	fc785357-aa1d-4212-8015-bef21df472b6	4110	Finley Blvd	ENG	fc785357-aa1d-4212-8015-bef21df472b6		00005541-4c00-2800-ffff-ffffd049e20c	d284f225-cba3-47e5-ba56-95e82137363b	false		true	0	false	1		20	1	2	false			1		false							2			3	4	50	50		69		4.2											false	true	false	false	{"type":"LineString","coordinates":[[-86.841689,33.533609],[-86.8409419,33.5339674]]}
Finley Blvd	00005541-4c00-4600-0000-000017f70b76	00005541-4c00-0400-0000-00000008b309	00005541-4c00-0400-0000-00000008b309	4110	Finley Blvd	ENG	00005541-4c00-0400-0000-00000008b309		00005541-4c00-2800-ffff-ffffd049e147	00005541-4c00-2800-ffff-ffffd049e117	false		true	0	false	1		20	1	2	false			1		false							2			3	4	50	50		69		7.0											false	true	false	false	{"type":"LineString","coordinates":[[-86.832355,33.537937],[-86.831065,33.538469]]}
Finley Blvd	00005541-4c00-4600-0000-000017f70b76	00005541-4c00-0400-0000-0000001de18d	00005541-4c00-0400-0000-0000001de18d	4110	Finley Blvd	ENG	00005541-4c00-0400-0000-0000001de18d		00005541-4c00-2800-ffff-ffffd02a6868	00005541-4c00-2800-ffff-ffffd049e155	false		true	0	false	1		20	1	2	false			1		false							3			3	4	50	50			71		0.6										false	true	false	false	{"type":"LineString","coordinates":[[-86.8317917,33.5383404],[-86.831678,33.53839]]}
Finley Blvd	00005541-4c00-4600-0000-000017f70b76	00005541-4c00-0400-0000-0000001de1e5	00005541-4c00-0400-0000-0000001de1e5	4110	Finley Blvd	ENG	00005541-4c00-0400-0000-0000001de1e5		00005541-4c00-2800-ffff-ffffd049e14f	00005541-4c00-2800-ffff-ffffd02a6841	false		true	0	false	1		20	1	2	false			1		false							3			4	4	50	50			72		2.0										false	true	false	false	{"type":"LineString","coordinates":[[-86.832341,33.538101],[-86.8319557,33.5382689]]}
Finley Blvd	00005541-4c00-4600-0000-000017f70b76	00005541-4c00-0400-0000-0000001de1e6	00005541-4c00-0400-0000-0000001de1e6	4110	Finley Blvd	ENG	00005541-4c00-0400-0000-0000001de1e6		00005541-4c00-2800-ffff-ffffd02a6841	00005541-4c00-2800-ffff-ffffd02a6868	false		true	0	false	1		20	1	2	false			1		false							3			4	4	50	50			72		0.9										false	true	false	false	{"type":"LineString","coordinates":[[-86.8319557,33.5382689],[-86.8317917,33.5383404]]}
Finley Blvd	00005541-4c00-4600-0000-000017f70b76	bcf02918-0a50-4c9b-b6b6-b58c98813b22	bcf02918-0a50-4c9b-b6b6-b58c98813b22	4110	Finley Blvd	ENG	bcf02918-0a50-4c9b-b6b6-b58c98813b22		a9bf9324-0d37-4c08-9197-0eb240acb963	00005541-4c00-2800-ffff-ffffd049e154	false		true	0	false	1		20	1	2	false			1		false							3			3	4	50	50			71		1.7										false	true	false	false	{"type":"LineString","coordinates":[[-86.8315756,33.5384314],[-86.831258,33.53856]]}
Finley Blvd	00005541-4c00-4600-0000-000017f70b76	d11c1abf-7d5b-4375-a435-d34028c33bf3	d11c1abf-7d5b-4375-a435-d34028c33bf3	4110	Finley Blvd	ENG	d11c1abf-7d5b-4375-a435-d34028c33bf3		00005541-4c00-2800-ffff-ffffd049e155	a9bf9324-0d37-4c08-9197-0eb240acb963	false		true	0	false	1		20	1	2	false			1		false							3			3	4	50	50			72		0.5										false	true	false	false	{"type":"LineString","coordinates":[[-86.831678,33.53839],[-86.8315756,33.5384314]]}
Finley Blvd	00005541-4c00-4600-0000-000017f73413	00005541-4c00-0400-0000-0000001fb002	00005541-4c00-0400-0000-0000001fb002	4110	Finley Blvd	ENG	00005541-4c00-0400-0000-0000001fb002		00005541-4c00-2800-ffff-ffffd049d762	00005541-4c00-2800-ffff-ffffd0258ba4	false		true	0	false	1		52	4	2	false			1		false							3			4	6	50	50			26		8.6										false	true	false	false	{"type":"LineString","coordinates":[[-86.818491,33.54522],[-86.8178557,33.5453982]]}
Finley Blvd	00005541-4c00-4600-0000-000017f73413	00005541-4c00-0400-0000-0000001fb003	00005541-4c00-0400-0000-0000001fb003	4110	Finley Blvd	ENG	00005541-4c00-0400-0000-0000001fb003		00005541-4c00-2800-ffff-ffffd0258ba4	00005541-4c00-2800-ffff-ffffd049d740	false		true	0	false	1		52	4	2	false			1		false							3			3	5	50	50			43		6.4										false	true	false	false	{"type":"LineString","coordinates":[[-86.8178557,33.5453982],[-86.817076,33.545617]]}
Finley Blvd	00005541-4c00-4600-0000-000017f73413	00005541-4c00-0400-0000-0000001fb012	00005541-4c00-0400-0000-0000001fb012	4110	Finley Blvd	ENG	00005541-4c00-0400-0000-0000001fb012		00005541-4c00-2800-ffff-ffffd049d763	00005541-4c00-2800-ffff-ffffd0258b9c	false		true	0	false	1		52	4	2	false			1		false							2			3	6	40	40		40		7.4											false	true	false	false	{"type":"LineString","coordinates":[[-86.818431,33.545074],[-86.8175951,33.5453298]]}
Finley Blvd	00005541-4c00-4600-0000-000017f73413	00005541-4c00-0400-0000-0000001fb013	00005541-4c00-0400-0000-0000001fb013	4110	Finley Blvd	ENG	00005541-4c00-0400-0000-0000001fb013		00005541-4c00-2800-ffff-ffffd0258b9c	00005541-4c00-2800-ffff-ffffd049b96f	false		true	0	false	1		52	4	2	false			1		false							2			4	6	40	40		33		6.5											false	true	false	false	{"type":"LineString","coordinates":[[-86.8175951,33.5453298],[-86.816993,33.545514]]}
Finley Blvd	00005541-4c00-4600-0000-000017f73415	00005541-4c00-0400-0000-0000001fb008	00005541-4c00-0400-0000-0000001fb008	4110	Finley Blvd	ENG	00005541-4c00-0400-0000-0000001fb008		00005541-4c00-2800-ffff-ffffd049d7b0	00005541-4c00-2800-ffff-ffffd0258ba1	false		true	0	false	1		52	4	2	false			1		false							2			3	5	40	40		55		4.2											false	true	false	false	{"type":"LineString","coordinates":[[-86.819864,33.544645],[-86.8192087,33.5448424]]}
Finley Blvd	00005541-4c00-4600-0000-000017f73415	00005541-4c00-0400-0000-0000001fb009	00005541-4c00-0400-0000-0000001fb009	4110	Finley Blvd	ENG	00005541-4c00-0400-0000-0000001fb009		00005541-4c00-2800-ffff-ffffd0258ba1	00005541-4c00-2800-ffff-ffffd049d763	false		true	0	false	1		52	4	2	false			1		false							2			4	6	40	40		30		9.2											false	true	false	false	{"type":"LineString","coordinates":[[-86.8192087,33.5448424],[-86.819004,33.544904],[-86.818431,33.545074]]}
Finley Blvd	00005541-4c00-4600-0000-000017f73415	00005541-4c00-0400-0000-0000001fb014	00005541-4c00-0400-0000-0000001fb014	4110	Finley Blvd	ENG	00005541-4c00-0400-0000-0000001fb014		00005541-4c00-2800-ffff-ffffd049d78d	00005541-4c00-2800-ffff-ffffd0258b9b	false		true	0	false	1		52	4	2	false			1		false							3			4	5	50	50			60		2.8										false	true	false	false	{"type":"LineString","coordinates":[[-86.819933,33.5448],[-86.8194559,33.5449393]]}
Finley Blvd	00005541-4c00-4600-0000-000017f73415	00005541-4c00-0400-0000-0000001fb015	00005541-4c00-0400-0000-0000001fb015	4110	Finley Blvd	ENG	00005541-4c00-0400-0000-0000001fb015		00005541-4c00-2800-ffff-ffffd0258b9b	00005541-4c00-2800-ffff-ffffd049d762	false		true	0	false	1		52	4	2	false			1		false							3			3	5	50	50			50		6.8										false	true	false	false	{"type":"LineString","coordinates":[[-86.8194559,33.5449393],[-86.819214,33.54501],[-86.818491,33.54522]]}
Finley Blvd	00005541-4c00-4600-0000-000017f73419	00005541-4c00-0400-0000-0000001fb017	00005541-4c00-0400-0000-0000001fb017	4110	Finley Blvd	ENG	00005541-4c00-0400-0000-0000001fb017		00005541-4c00-2800-ffff-ffffd0258b9a	00005541-4c00-2800-ffff-ffffd049d7b0	false		true	0	false	1		52	4	2	false			1		false							2			4	5	40	40		62		3.5											false	true	false	false	{"type":"LineString","coordinates":[[-86.8204798,33.5444659],[-86.820249,33.544534],[-86.819864,33.544645]]}
Finley Blvd	00005541-4c00-4600-0000-000017f73419	00005541-4c00-0400-0000-0000001fb018	00005541-4c00-0400-0000-0000001fb018	4110	Finley Blvd	ENG	00005541-4c00-0400-0000-0000001fb018		00005541-4c00-2800-ffff-ffffd049d7be	00005541-4c00-2800-ffff-ffffd0258b99	false		true	0	false	1		52	4	2	false			1		false							3			4	5	50	50			64		3.8										false	true	false	false	{"type":"LineString","coordinates":[[-86.821376,33.544362],[-86.821105,33.544449],[-86.8206873,33.5445746]]}
Finley Blvd	00005541-4c00-4600-0000-000017f73419	00005541-4c00-0400-0000-0000001fb019	00005541-4c00-0400-0000-0000001fb019	4110	Finley Blvd	ENG	00005541-4c00-0400-0000-0000001fb019		00005541-4c00-2800-ffff-ffffd0258b99	00005541-4c00-2800-ffff-ffffd049d78d	false		true	0	false	1		52	4	2	false			1		false							3			3	5	50	50			62		4.3										false	true	false	false	{"type":"LineString","coordinates":[[-86.8206873,33.5445746],[-86.82026,33.544703],[-86.819933,33.5448]]}
Finley Blvd	00005541-4c00-4600-0000-000017f73419	d274908e-06be-42ef-98a1-f6c81819c577	d274908e-06be-42ef-98a1-f6c81819c577	4110	Finley Blvd	ENG	d274908e-06be-42ef-98a1-f6c81819c577		bec222f5-575e-4e6e-b13e-28b6f8513475	00005541-4c00-2800-ffff-ffffd0258b9a	false		true	0	false	1		52	4	2	false			1		false							2			3	5	40	40		65		1.5											false	true	false	false	{"type":"LineString","coordinates":[[-86.8207522,33.5443854],[-86.8204798,33.5444659]]}
Finley Blvd	00005541-4c00-4600-0000-000017f73419	f6e95ec6-2db5-40eb-81f8-9478360bcdd6	f6e95ec6-2db5-40eb-81f8-9478360bcdd6	4110	Finley Blvd	ENG	f6e95ec6-2db5-40eb-81f8-9478360bcdd6		00005541-4c00-2800-ffff-ffffd049d7c1	bec222f5-575e-4e6e-b13e-28b6f8513475	false		true	0	false	1		52	4	2	false			1		false							2			3	5	40	40		66		3.0											false	true	false	false	{"type":"LineString","coordinates":[[-86.821319,33.544218],[-86.8207522,33.5443854]]}
Finley Blvd	00005541-4c00-4600-0000-000017f7342b	00005541-4c00-0400-0000-0000001fb028	00005541-4c00-0400-0000-0000001fb028	4110	Finley Blvd	ENG	00005541-4c00-0400-0000-0000001fb028		00005541-4c00-2800-ffff-ffffd04a6349	00005541-4c00-2800-ffff-ffffd0258b91	false		true	0	false	1		52	4	2	false			1		false							2			3	5	40	40		66		5.1											false	true	false	false	{"type":"LineString","coordinates":[[-86.822678,33.543576],[-86.822573,33.543649],[-86.82248,33.543712],[-86.822377,33.54378],[-86.822265,33.543845],[-86.822159,33.543906],[-86.822079,33.543944],[-86.821981,33.54399],[-86.821879,33.544031],[-86.8218506,33.5440418]]}
Finley Blvd	00005541-4c00-4600-0000-000017f7342b	00005541-4c00-0400-0000-0000001fb029	00005541-4c00-0400-0000-0000001fb029	4110	Finley Blvd	ENG	00005541-4c00-0400-0000-0000001fb029		00005541-4c00-2800-ffff-ffffd0258b91	00005541-4c00-2800-ffff-ffffd049d7c1	false		true	0	false	1		52	4	2	false			1		false							2			4	5	40	40		66		2.9											false	true	false	false	{"type":"LineString","coordinates":[[-86.8218506,33.5440418],[-86.821795,33.544063],[-86.821683,33.544106],[-86.821559,33.544146],[-86.8214,33.544195],[-86.821319,33.544218]]}
Finley Blvd	00005541-4c00-4600-0000-000017f7342b	00005541-4c00-0400-0000-0000001fb02a	00005541-4c00-0400-0000-0000001fb02a	4110	Finley Blvd	ENG	00005541-4c00-0400-0000-0000001fb02a		00005541-4c00-2800-ffff-ffffd049d810	00005541-4c00-2800-ffff-ffffd0258b90	false		true	0	false	1		52	4	2	false			1		false							3			4	5	50	50			65		3.7										false	true	false	false	{"type":"LineString","coordinates":[[-86.822745,33.543735],[-86.822475,33.543908],[-86.822338,33.543985],[-86.822226,33.544046],[-86.8221481,33.5440822]]}
Finley Blvd	00005541-4c00-4600-0000-000017f7342b	00005541-4c00-0400-0000-0000001fb02b	00005541-4c00-0400-0000-0000001fb02b	4110	Finley Blvd	ENG	00005541-4c00-0400-0000-0000001fb02b		00005541-4c00-2800-ffff-ffffd0258b90	00005541-4c00-2800-ffff-ffffd049d7be	false		true	0	false	1		52	4	2	false			1		false							3			3	5	50	50			64		4.4										false	true	false	false	{"type":"LineString","coordinates":[[-86.8221481,33.5440822],[-86.822099,33.544105],[-86.821985,33.544156],[-86.821882,33.544197],[-86.821739,33.544249],[-86.82162,33.544288],[-86.821483,33.544331],[-86.821376,33.544362]]}
Finley Blvd	00005541-4c00-4600-0000-000017f73437	00005541-4c00-0400-0000-00000008acf3	00005541-4c00-0400-0000-00000008acf3	4110	Finley Blvd	ENG	00005541-4c00-0400-0000-00000008acf3		00005541-4c00-2800-ffff-ffffd049d80f	00005541-4c00-2800-ffff-ffffd049d810	false		true	0	false	1		52	4	2	false			1		false							3			3	5	50	50			64		0.7										false	true	false	false	{"type":"LineString","coordinates":[[-86.822848,33.543664],[-86.822745,33.543735]]}
Finley Blvd	00005541-4c00-4600-0000-000017f73437	00005541-4c00-0400-0000-00000008ad30	00005541-4c00-0400-0000-00000008ad30	4110	Finley Blvd	ENG	00005541-4c00-0400-0000-00000008ad30		00005541-4c00-2800-ffff-ffffd04a6332	00005541-4c00-2800-ffff-ffffd04a6349	false		true	0	false	1		52	4	2	false			1		false							2			4	5	40	40		66		2.9											false	true	false	false	{"type":"LineString","coordinates":[[-86.8231271,33.5432769],[-86.822678,33.543576]]}
Finley Blvd	00005541-4c00-4600-0000-000017f73437	00005541-4c00-0400-0000-00000009390f	00005541-4c00-0400-0000-00000009390f	4110	Finley Blvd	ENG	00005541-4c00-0400-0000-00000009390f		00005541-4c00-2800-ffff-ffffd049d837	00005541-4c00-2800-ffff-ffffd04a6332	false		true	0	false	1		52	4	2	false			1		false							2			3	5	40	40		64		5.3											false	true	false	false	{"type":"LineString","coordinates":[[-86.823911,33.542741],[-86.823374,33.543103],[-86.8231271,33.5432769]]}
Finley Blvd	00005541-4c00-4600-0000-000017f73437	00005541-4c00-0400-0000-0000001fb036	00005541-4c00-0400-0000-0000001fb036	4110	Finley Blvd	ENG	00005541-4c00-0400-0000-0000001fb036		00005541-4c00-2800-ffff-ffffd049d839	00005541-4c00-2800-ffff-ffffd0258b8a	false		true	0	false	1		52	4	2	false			1		false							3			4	5	50	50			58		4.1										false	true	false	false	{"type":"LineString","coordinates":[[-86.823967,33.542889],[-86.8234159,33.5432707]]}
Finley Blvd	00005541-4c00-4600-0000-000017f73437	00005541-4c00-0400-0000-0000001fb037	00005541-4c00-0400-0000-0000001fb037	4110	Finley Blvd	ENG	00005541-4c00-0400-0000-0000001fb037		00005541-4c00-2800-ffff-ffffd0258b8a	00005541-4c00-2800-ffff-ffffd049d80f	false		true	0	false	1		52	4	2	false			1		false							3			3	5	50	50			63		3.9										false	true	false	false	{"type":"LineString","coordinates":[[-86.8234159,33.5432707],[-86.822848,33.543664]]}
Finley Blvd	00005541-4c00-4600-0000-000017f89e64	00005541-4c00-0400-0000-00000014a594	00005541-4c00-0400-0000-00000014a594	4110	Finley Blvd	ENG	00005541-4c00-0400-0000-00000014a594		00005541-4c00-2800-ffff-ffffd049e0d9	00005541-4c00-2800-ffff-ffffd035a64f	false		true	0	false	1		20	1	2	false			1		false							2			3	6	40	40		46		3.8											false	true	false	false	{"type":"LineString","coordinates":[[-86.828582,33.539611],[-86.828193,33.539873],[-86.8281758,33.5398845]]}
Finley Blvd	00005541-4c00-4600-0000-000017f89e64	00005541-4c00-0400-0000-0000001de1c5	00005541-4c00-0400-0000-0000001de1c5	4110	Finley Blvd	ENG	00005541-4c00-0400-0000-0000001de1c5		00005541-4c00-2800-ffff-ffffd049e0f7	00005541-4c00-2800-ffff-ffffd02a6850	false		true	0	false	1		20	1	2	false			1		false							3			4	7	50	50			16		15.9										false	true	false	false	{"type":"LineString","coordinates":[[-86.829014,33.539535],[-86.82855,33.53982],[-86.8284012,33.5399141]]}
Finley Blvd	00005541-4c00-4600-0000-000017f89e64	00005541-4c00-0400-0000-0000001de1c6	00005541-4c00-0400-0000-0000001de1c6	4110	Finley Blvd	ENG	00005541-4c00-0400-0000-0000001de1c6		00005541-4c00-2800-ffff-ffffd02a6850	00005541-4c00-2800-ffff-ffffd0355f5d	false		true	0	false	1		20	1	2	false			1		false							3			3	6	50	50			40		1.5										false	true	false	false	{"type":"LineString","coordinates":[[-86.8284012,33.5399141],[-86.828387,33.539923],[-86.8282595,33.5400102]]}
Finley Blvd	00005541-4c00-4600-0000-000017f89e64	00005541-4c00-0400-0000-000000211a63	00005541-4c00-0400-0000-000000211a63	4110	Finley Blvd	ENG	00005541-4c00-0400-0000-000000211a63		00005541-4c00-2800-ffff-ffffd049e106	00005541-4c00-2800-ffff-ffffd02393e2	false		true	0	false	1		20	1	2	false			1		false							2			3	7	50	50		29		3.5											false	true	false	false	{"type":"LineString","coordinates":[[-86.828962,33.539386],[-86.828759,33.5395],[-86.8287118,33.5395296]]}
Finley Blvd	00005541-4c00-4600-0000-000017f89e64	00005541-4c00-0400-0000-000000211a64	00005541-4c00-0400-0000-000000211a64	4110	Finley Blvd	ENG	00005541-4c00-0400-0000-000000211a64		00005541-4c00-2800-ffff-ffffd02393e2	00005541-4c00-2800-ffff-ffffd049e0d9	false		true	0	false	1		20	1	2	false			1		false							2			3	6	40	40		38		1.4											false	true	false	false	{"type":"LineString","coordinates":[[-86.8287118,33.5395296],[-86.828582,33.539611]]}
Finley Blvd			00005541-4c00-0400-0000-00000009bb5c	4110	Finley Blvd	ENG	00005541-4c00-0400-0000-00000009bb5c		00005541-4c00-2800-ffff-ffffd049a433	00005541-4c00-2800-ffff-ffffd049e27a	false		true	0	false	1		30	1	2	false			1		false							3			2	7	50	50			8		22.8										false	true	false	false	{"type":"LineString","coordinates":[[-86.8504008,33.5300619],[-86.8502955,33.5300994],[-86.8502204,33.5301223],[-86.850124,33.530148],[-86.850017,33.530166],[-86.849878,33.530188]]}
Finley Blvd			00005541-4c00-0400-0000-000000098677	4110	Finley Blvd	ENG	00005541-4c00-0400-0000-000000098677		00005541-4c00-2800-ffff-ffffd049e704	00005541-4c00-2800-ffff-ffffd049e275	false		true	0	false	1		20	1	2	false			1		false	1						3				7	50	50			17		2.4										false	true	false	false	{"type":"LineString","coordinates":[[-86.850663,33.529774],[-86.850781,33.529795]]}
Finley Blvd			00005541-4c00-0400-0000-00000009baa9	4110	Finley Blvd	ENG	00005541-4c00-0400-0000-00000009baa9		00005541-4c00-2800-ffff-ffffd049a4b9	00005541-4c00-2800-ffff-ffffd049a978	false		true	0	false	1		52	4	2	false			1		false	1						3				7	40	40			17		2.7										false	true	false	false	{"type":"LineString","coordinates":[[-86.815495,33.5459823],[-86.815625,33.5459402]]}
Finley Blvd			00005541-4c00-0400-0000-00000009b542	4110	Finley Blvd	ENG	00005541-4c00-0400-0000-00000009b542		00005541-4c00-2800-ffff-ffffd049a985	00005541-4c00-2800-ffff-ffffd049a984	false		true	0	false	1		52	4	2	false			1		false	1						3				6	50	50			29		1.6										false	true	false	false	{"type":"LineString","coordinates":[[-86.8156672,33.546038],[-86.8155453,33.5460907]]}
Finley Blvd			00005541-4c00-0400-0000-000000098672	4110	Finley Blvd	ENG	00005541-4c00-0400-0000-000000098672		00005541-4c00-2800-ffff-ffffd049e274	00005541-4c00-2800-ffff-ffffd049e279	false		true	0	false	1		30	1	2	false			1		false	1						3				8	50	50			9		7.9										false	true	false	false	{"type":"LineString","coordinates":[[-86.850826,33.529879],[-86.85073,33.52992],[-86.850638,33.529962]]}
Finley Blvd			00005541-4c00-0400-0000-000000097b45	4110	Finley Blvd	ENG	00005541-4c00-0400-0000-000000097b45		00005541-4c00-2800-ffff-ffffd049b962	00005541-4c00-2800-ffff-ffffd049a985	false		true	0	false	1		52	4	2	false			1		false							3			3	6	50	50			35		1.4										false	true	false	false	{"type":"LineString","coordinates":[[-86.8158049,33.5459878],[-86.8156672,33.546038]]}
Finley Blvd			00005541-4c00-0400-0000-00000009bb5b	4110	Finley Blvd	ENG	00005541-4c00-0400-0000-00000009bb5b		00005541-4c00-2800-ffff-ffffd049e279	00005541-4c00-2800-ffff-ffffd049a433	false		true	0	false	1		30	1	2	false			1		false							3			2	8	50	50			4		22.2										false	true	false	false	{"type":"LineString","coordinates":[[-86.850638,33.529962],[-86.850508,33.5300197],[-86.8504475,33.5300454],[-86.8504008,33.5300619]]}
Finley Blvd			00005541-4c00-0400-0000-00000009a70b	4110	Finley Blvd	ENG	00005541-4c00-0400-0000-00000009a70b		00005541-4c00-2800-ffff-ffffd049a990	00005541-4c00-2800-ffff-ffffd049b962	false		true	0	false	1		52	4	2	false			1		false							3			3	6	50	50			41		6.6										false	true	false	false	{"type":"LineString","coordinates":[[-86.816569,33.54576],[-86.81585,33.545974],[-86.8158049,33.5459878]]}
Finley Blvd			00005541-4c00-0400-0000-00000009b53a	4110	Finley Blvd	ENG	00005541-4c00-0400-0000-00000009b53a		00005541-4c00-2800-ffff-ffffd049a978	00005541-4c00-2800-ffff-ffffd049a98e	false		true	0	false	1		52	4	2	false			1		false							3			2	7	40	40			10		21.1										false	true	false	false	{"type":"LineString","coordinates":[[-86.815625,33.5459402],[-86.815808,33.545888],[-86.81622,33.545761]]}
Finley Blvd			00005541-4c00-0400-0000-00000009a822	4110	Finley Blvd	ENG	00005541-4c00-0400-0000-00000009a822		00005541-4c00-2800-ffff-ffffd049e202	00005541-4c00-2800-ffff-ffffd049e1f2	false		true	0	false	1		20	1	2	false			1		false							3			2	6	50	50			38		6.6										false	true	false	false	{"type":"LineString","coordinates":[[-86.849854,33.529743],[-86.849956,33.529712],[-86.850061,33.529691],[-86.850172,33.529684],[-86.850272,33.529684],[-86.850326,33.52969],[-86.850377,33.5297],[-86.850505,33.529737],[-86.850584,33.529761]]}
Finley Blvd			00005541-4c00-0400-0000-00000009bac6	4110	Finley Blvd	ENG	00005541-4c00-0400-0000-00000009bac6		00005541-4c00-2800-ffff-ffffd049a98e	00005541-4c00-2800-ffff-ffffd049a49f	false		true	0	false	1		52	4	2	false			1		false							3			2	6	40	40			35		4.5										false	true	false	false	{"type":"LineString","coordinates":[[-86.81622,33.545761],[-86.816658,33.545622]]}
Finley Blvd			00005541-4c00-0400-0000-000000098678	4110	Finley Blvd	ENG	00005541-4c00-0400-0000-000000098678		00005541-4c00-2800-ffff-ffffd049e1f2	00005541-4c00-2800-ffff-ffffd049e704	false		true	0	false	1		20	1	2	false			1		false	1						3				7	50	50			22		1.2										false	true	false	false	{"type":"LineString","coordinates":[[-86.850584,33.529761],[-86.850663,33.529774]]}
